onset	duration	trial_type	stim	stimulus_side	sub
3.1	5	1_inacc	c14.jpg	2	105
13	5	5_inacc	c17.jpg	1	105
23.7	5	5_acc	c21.jpg	2	105
30.8	5	1_inacc	c7.jpg	2	105
41.8	5	1_acc	c5.jpg	2	105
49.6	5	5_inacc	c2.jpg	1	105
59.9	5	5_inacc	c19.jpg	2	105
69.5	5	5_inacc	c10.jpg	2	105
78.4	5	5_inacc	c6.jpg	2	105
87.6	5	1_acc	c24.jpg	1	105
97.2	5	1_acc	c12.jpg	2	105
105.3	5	1_inacc	c15.jpg	2	105
113.8	5	1_acc	c23.jpg	1	105
123.1	5	1_inacc	c4.jpg	1	105
133.7	5	5_inacc	c13.jpg	2	105
141.2	5	5_inacc	c1.jpg	1	105
149.7	5	5_inacc	c18.jpg	1	105
157.5	5	1_acc	c20.jpg	1	105
166.3	5	5_inacc	c8.jpg	1	105
176.3	5	5_acc	c11.jpg	2	105
184.4	5	5_inacc	c16.jpg	1	105
195.5	5	1_acc	c9.jpg	2	105
205.8	5	1_acc	c3.jpg	1	105
212.8	5	1_acc	c22.jpg	1	105
3.08	5	1_inacc	c5.jpg	1	106
12.328	5	5_acc	c10.jpg	1	106
19.396	5	5_inacc	c1.jpg	1	106
29.371	5	1_inacc	c14.jpg	2	106
38.243	5	5_inacc	c6.jpg	2	106
45.663	5	1_acc	c23.jpg	1	106
55.276	5	1_inacc	c3.jpg	1	106
63.427	5	5_inacc	c18.jpg	2	106
73.026	5	5_acc	c11.jpg	1	106
81.538	5	1_inacc	c4.jpg	2	106
88.59	5	5_acc	c21.jpg	1	106
98.93	5	1_inacc	c12.jpg	2	106
106.341	5	5_inacc	c17.jpg	2	106
117.025	5	1_acc	c9.jpg	1	106
128.082	5	5_acc	c8.jpg	1	106
136.961	5	1_inacc	c24.jpg	2	106
146.919	5	1_inacc	c20.jpg	1	106
155.426	5	1_inacc	c22.jpg	2	106
166.111	5	5_acc	c19.jpg	2	106
173.887	5	5_acc	c13.jpg	1	106
182.05	5	5_inacc	c2.jpg	2	106
193.103	5	5_inacc	c16.jpg	2	106
202.338	5	1_inacc	c15.jpg	1	106
212.65	5	1_acc	c7.jpg	2	106
3.05	5	5_inacc	c3.jpg	2	111
10.83	5	1_inacc	c10.jpg	1	111
17.87	5	1_inacc	c8.jpg	1	111
26.74	5	1_inacc	c16.jpg	2	111
36.32	5	5_acc	c7.jpg	2	111
45.9	5	5_inacc	c5.jpg	2	111
56.58	5	5_acc	c23.jpg	2	111
67.61	5	5_acc	c24.jpg	1	111
75.02	5	5_acc	c15.jpg	1	111
83.89	5	1_acc	c21.jpg	2	111
91.3	5	5_acc	c20.jpg	1	111
100.52	5	1_acc	c17.jpg	1	111
111.56	5	1_acc	c11.jpg	2	111
119.69	5	5_acc	c14.jpg	1	111
126.73	5	1_acc	c6.jpg	1	111
137.05	5	1_acc	c13.jpg	1	111
147	5	1_inacc	c19.jpg	2	111
157.68	5	1_acc	c2.jpg	2	111
166.91	5	5_acc	c12.jpg	1	111
176.87	5	1_acc	c1.jpg	2	111
185.38	5	5_acc	c9.jpg	2	111
193.51	5	5_inacc	c4.jpg	1	111
202	5	5_inacc	c22.jpg	2	111
212.31	5	1_inacc	c18.jpg	1	111
3.03	5	5_acc	c15.jpg	1	114
13.72	5	1_inacc	c17.jpg	1	114
20.76	5	5_inacc	c14.jpg	1	114
29.28	5	1_acc	c1.jpg	2	114
38.87	5	1_inacc	c8.jpg	1	114
49.55	5	5_acc	c12.jpg	1	114
59.13	5	5_acc	c5.jpg	2	114
67.98	5	1_inacc	c11.jpg	2	114
78.29	5	1_acc	c16.jpg	1	114
86.07	5	5_acc	c3.jpg	2	114
94.21	5	1_acc	c21.jpg	1	114
103.06	5	1_acc	c10.jpg	1	114
113.01	5	5_acc	c23.jpg	2	114
122.24	5	5_inacc	c22.jpg	1	114
132.55	5	1_acc	c18.jpg	2	114
141.78	5	5_acc	c9.jpg	2	114
151.74	5	5_inacc	c7.jpg	2	114
159.51	5	1_acc	c13.jpg	2	114
167.99	5	5_acc	c4.jpg	1	114
175.03	5	5_acc	c24.jpg	2	114
186.08	5	1_inacc	c2.jpg	1	114
197.12	5	1_inacc	c6.jpg	2	114
204.52	5	5_acc	c20.jpg	1	114
211.92	5	1_acc	c19.jpg	2	114
3.107	5	1_acc	c8.jpg	2	115
12.39	5	5_acc	c5.jpg	1	115
22.357	5	5_acc	c23.jpg	2	115
32.686	5	1_acc	c16.jpg	2	115
42.297	5	1_inacc	c11.jpg	2	115
52.619	5	5_acc	c14.jpg	1	115
61.492	5	5_acc	c15.jpg	2	115
68.914	5	1_acc	c13.jpg	1	115
79.975	5	5_acc	c20.jpg	2	115
87.757	5	5_inacc	c12.jpg	2	115
98.816	5	1_inacc	c18.jpg	1	115
109.516	5	1_acc	c2.jpg	1	115
118.042	5	1_acc	c1.jpg	1	115
128.012	5	5_acc	c3.jpg	2	115
136.167	5	5_acc	c9.jpg	1	115
145.776	5	1_acc	c17.jpg	2	115
153.922	5	1_inacc	c10.jpg	2	115
161.336	5	5_acc	c7.jpg	1	115
168.439	5	5_acc	c22.jpg	2	115
179.136	5	5_inacc	c24.jpg	1	115
188.375	5	5_inacc	c4.jpg	1	115
196.885	5	1_acc	c6.jpg	2	115
204.684	5	1_inacc	c19.jpg	1	115
213.562	5	1_acc	c21.jpg	1	115
3.1	5	1_acc	c2.jpg	2	118
10.1	5	1_acc	c10.jpg	2	118
20.1	5	5_acc	c7.jpg	1	118
27.5	5	5_acc	c22.jpg	2	118
38.2	5	5_acc	c12.jpg	1	118
49.2	5	1_acc	c11.jpg	2	118
58.8	5	5_acc	c24.jpg	2	118
68.7	5	5_acc	c9.jpg	2	118
79.1	5	5_inacc	c14.jpg	1	118
87.2	5	1_inacc	c18.jpg	1	118
94.6	5	5_acc	c15.jpg	1	118
101.6	5	1_inacc	c17.jpg	1	118
109.8	5	1_inacc	c21.jpg	1	118
120.4	5	5_inacc	c4.jpg	2	118
129.3	5	5_acc	c3.jpg	1	118
137.1	5	1_inacc	c1.jpg	1	118
144.9	5	1_inacc	c19.jpg	2	118
155.2	5	5_acc	c5.jpg	2	118
163.7	5	5_acc	c20.jpg	2	118
172.9	5	1_inacc	c8.jpg	2	118
182.1	5	1_acc	c16.jpg	2	118
190.6	5	1_inacc	c13.jpg	1	118
199.5	5	1_acc	c6.jpg	1	118
210.6	5	5_inacc	c23.jpg	1	118
3.1	5	1_acc	c16.jpg	1	121
11.6	5	1_acc	c13.jpg	2	121
21.2	5	5_acc	c9.jpg	1	121
31.5	5	1_inacc	c11.jpg	2	121
38.5	5	1_acc	c19.jpg	2	121
48.9	5	5_acc	c12.jpg	2	121
57	5	5_inacc	c3.jpg	1	121
64.8	5	1_inacc	c10.jpg	1	121
75.8	5	5_acc	c4.jpg	2	121
84.3	5	1_miss	c18.jpg	2	121
95	5	5_inacc	c7.jpg	1	121
104.2	5	1_acc	c6.jpg	1	121
112	5	1_inacc	c21.jpg	2	121
120.1	5	5_miss	c24.jpg	2	121
127.2	5	1_inacc	c2.jpg	2	121
136	5	5_acc	c23.jpg	2	121
145.6	5	1_inacc	c8.jpg	1	121
153	5	5_acc	c15.jpg	1	121
163.7	5	5_acc	c5.jpg	1	121
171.1	5	5_inacc	c22.jpg	1	121
181.1	5	1_acc	c1.jpg	1	121
190.3	5	5_acc	c20.jpg	2	121
201.3	5	5_miss	c14.jpg	2	121
210.2	5	1_acc	c17.jpg	1	121
3.1	5	5_inacc	c7.jpg	1	122
11.6	5	5_acc	c12.jpg	2	122
22.3	5	1_acc	c21.jpg	2	122
32.9	5	1_acc	c10.jpg	1	122
42.2	5	1_inacc	c18.jpg	2	122
50.6	5	5_acc	c22.jpg	2	122
58.8	5	1_acc	c19.jpg	2	122
69.8	5	1_inacc	c16.jpg	2	122
77.2	5	1_acc	c11.jpg	1	122
87.2	5	5_acc	c4.jpg	2	122
97.5	5	5_acc	c5.jpg	1	122
104.5	5	5_acc	c15.jpg	1	122
113.4	5	5_acc	c20.jpg	1	122
122.6	5	5_acc	c23.jpg	2	122
132.2	5	1_inacc	c2.jpg	1	122
142.5	5	1_acc	c6.jpg	1	122
151.4	5	1_acc	c17.jpg	1	122
158.4	5	5_inacc	c3.jpg	2	122
166.2	5	1_inacc	c13.jpg	1	122
174.3	5	5_acc	c14.jpg	1	122
184.3	5	1_inacc	c8.jpg	2	122
193.9	5	1_inacc	c1.jpg	2	122
201.6	5	5_inacc	c9.jpg	1	122
212.7	5	5_acc	c24.jpg	2	122
3.04	5	1_acc	c6.jpg	1	125
10.83	5	5_acc	c7.jpg	1	125
19.71	5	1_acc	c21.jpg	1	125
27.85	5	1_acc	c19.jpg	2	125
34.89	5	5_acc	c24.jpg	1	125
44.86	5	1_inacc	c1.jpg	2	125
54.09	5	5_acc	c5.jpg	2	125
61.14	5	1_inacc	c2.jpg	1	125
72.19	5	5_acc	c22.jpg	1	125
81.42	5	1_inacc	c13.jpg	2	125
90.28	5	5_inacc	c20.jpg	2	125
101.32	5	1_inacc	c11.jpg	1	125
108.73	5	1_inacc	c10.jpg	1	125
119.06	5	1_acc	c16.jpg	2	125
127.56	5	1_inacc	c18.jpg	2	125
138.24	5	1_acc	c17.jpg	2	125
147.84	5	5_inacc	c14.jpg	1	125
155.61	5	5_acc	c15.jpg	2	125
165.21	5	5_acc	c3.jpg	2	125
173.71	5	1_inacc	c8.jpg	1	125
183.66	5	5_acc	c23.jpg	2	125
191.81	5	5_acc	c9.jpg	1	125
199.22	5	5_acc	c12.jpg	1	125
209.55	5	5_inacc	c4.jpg	2	125
3.06	5	1_acc	c4.jpg	2	127
10.12	5	5_inacc	c19.jpg	2	127
18.66	5	1_inacc	c7.jpg	2	127
27.17	5	5_miss	c16.jpg	2	127
36.77	5	1_inacc	c9.jpg	1	127
47.1	5	1_inacc	c3.jpg	2	127
54.89	5	5_acc	c10.jpg	1	127
62.31	5	5_acc	c17.jpg	2	127
71.18	5	1_inacc	c24.jpg	2	127
80.41	5	5_acc	c21.jpg	2	127
87.46	5	1_inacc	c14.jpg	2	127
97.06	5	5_acc	c18.jpg	1	127
107.04	5	5_inacc	c1.jpg	1	127
118.08	5	5_inacc	c8.jpg	2	127
128.77	5	1_inacc	c22.jpg	1	127
136.93	5	1_acc	c20.jpg	1	127
145.82	5	5_inacc	c11.jpg	1	127
153.61	5	1_inacc	c23.jpg	1	127
164.31	5	1_inacc	c15.jpg	1	127
174.28	5	1_inacc	c5.jpg	1	127
185.34	5	5_acc	c6.jpg	2	127
195.68	5	5_inacc	c13.jpg	1	127
204.93	5	5_acc	c2.jpg	1	127
213.08	5	1_inacc	c12.jpg	2	127
3	5	1_inacc	c14.jpg	2	132
12.2	5	1_acc	c9.jpg	1	132
23.3	5	5_acc	c19.jpg	1	132
34	5	1_inacc	c22.jpg	1	132
44.3	5	1_inacc	c20.jpg	2	132
51.3	5	5_acc	c8.jpg	1	132
58.4	5	5_acc	c21.jpg	1	132
66.8	5	5_acc	c16.jpg	2	132
75	5	5_acc	c10.jpg	1	132
82.4	5	5_acc	c18.jpg	2	132
90.2	5	1_inacc	c15.jpg	2	132
99.7	5	1_acc	c24.jpg	1	132
109.7	5	5_inacc	c6.jpg	1	132
119.6	5	1_inacc	c3.jpg	2	132
127.4	5	1_inacc	c4.jpg	2	132
135.9	5	5_acc	c2.jpg	2	132
145.1	5	1_inacc	c5.jpg	1	132
153.3	5	5_acc	c11.jpg	2	132
163.6	5	5_acc	c13.jpg	2	132
174.6	5	1_inacc	c7.jpg	1	132
183.5	5	1_inacc	c12.jpg	1	132
190.9	5	5_inacc	c1.jpg	1	132
200.5	5	1_acc	c23.jpg	2	132
211.2	5	5_acc	c17.jpg	2	132
3.066	5	1_acc	c20.jpg	1	134
13.398	5	5_acc	c21.jpg	2	134
20.448	5	1_inacc	c12.jpg	2	134
28.234	5	1_inacc	c9.jpg	1	134
39.288	5	5_acc	c19.jpg	1	134
49.634	5	1_acc	c3.jpg	1	134
58.146	5	5_acc	c6.jpg	2	134
65.553	5	1_acc	c7.jpg	2	134
75.157	5	5_inacc	c10.jpg	2	134
85.118	5	1_acc	c15.jpg	2	134
95.093	5	1_inacc	c22.jpg	2	134
102.501	5	1_acc	c24.jpg	1	134
110.657	5	5_inacc	c11.jpg	2	134
121.71	5	5_acc	c13.jpg	1	134
129.842	5	1_acc	c23.jpg	2	134
140.551	5	5_acc	c1.jpg	1	134
150.133	5	5_acc	c16.jpg	1	134
158.631	5	5_inacc	c18.jpg	2	134
169.308	5	1_acc	c5.jpg	2	134
176.368	5	5_inacc	c2.jpg	1	134
184.157	5	1_acc	c14.jpg	1	134
193.023	5	5_acc	c8.jpg	1	134
201.9	5	1_acc	c4.jpg	1	134
211.14	5	5_inacc	c17.jpg	2	134
3.1	5	1_acc	c2.jpg	2	135
11.6	5	1_acc	c13.jpg	2	135
20.5	5	1_inacc	c17.jpg	1	135
30.1	5	5_inacc	c7.jpg	1	135
39	5	1_acc	c1.jpg	2	135
49.7	5	5_acc	c3.jpg	2	135
58.9	5	5_inacc	c22.jpg	2	135
68.9	5	1_inacc	c6.jpg	1	135
75.9	5	1_inacc	c16.jpg	1	135
83.4	5	5_inacc	c23.jpg	1	135
90.8	5	1_inacc	c10.jpg	1	135
101.8	5	5_acc	c20.jpg	2	135
108.9	5	1_miss	c21.jpg	2	135
118.8	5	1_inacc	c11.jpg	2	135
128.1	5	5_inacc	c9.jpg	2	135
138.4	5	5_inacc	c4.jpg	1	135
146.6	5	1_inacc	c19.jpg	1	135
156.9	5	5_inacc	c15.jpg	1	135
164.7	5	1_inacc	c18.jpg	1	135
172.8	5	5_acc	c14.jpg	2	135
183.5	5	5_inacc	c12.jpg	1	135
192	5	5_inacc	c24.jpg	2	135
203.1	5	5_inacc	c5.jpg	1	135
212.7	5	1_miss	c8.jpg	2	135
3	5	5_acc	c3.jpg	1	141
14	5	5_acc	c4.jpg	2	141
21.4	5	1_inacc	c16.jpg	2	141
32.4	5	5_inacc	c12.jpg	2	141
40.1	5	1_inacc	c8.jpg	2	141
48.9	5	1_inacc	c10.jpg	1	141
58.8	5	5_inacc	c23.jpg	1	141
66.9	5	5_acc	c7.jpg	2	141
77.6	5	1_inacc	c2.jpg	2	141
87.1	5	5_inacc	c14.jpg	1	141
95.6	5	1_acc	c19.jpg	2	141
104	5	5_acc	c20.jpg	2	141
111	5	1_inacc	c6.jpg	1	141
118	5	1_acc	c13.jpg	2	141
126	5	5_acc	c5.jpg	1	141
136	5	1_inacc	c1.jpg	2	141
146	5	1_acc	c21.jpg	1	141
157	5	1_acc	c17.jpg	1	141
164	5	5_acc	c24.jpg	2	141
173	5	5_acc	c9.jpg	2	141
183	5	1_inacc	c11.jpg	1	141
191	5	5_acc	c22.jpg	1	141
201	5	5_acc	c15.jpg	1	141
210	5	1_acc	c18.jpg	1	141
3	5	1_acc	c14.jpg	2	143
10.1	5	5_acc	c6.jpg	2	143
17.5	5	1_acc	c15.jpg	1	143
24.9	5	1_inacc	c20.jpg	2	143
33.7	5	5_acc	c11.jpg	1	143
43.7	5	1_acc	c9.jpg	1	143
53.6	5	5_acc	c10.jpg	2	143
61.4	5	1_inacc	c22.jpg	1	143
69.9	5	5_acc	c18.jpg	2	143
80.9	5	1_acc	c7.jpg	2	143
90.5	5	5_acc	c13.jpg	1	143
97.5	5	1_inacc	c5.jpg	2	143
105.3	5	1_acc	c23.jpg	1	143
115.6	5	1_acc	c3.jpg	2	143
123.7	5	5_acc	c21.jpg	2	143
133	5	1_inacc	c4.jpg	1	143
143.6	5	5_acc	c2.jpg	1	143
152.1	5	1_inacc	c12.jpg	1	143
163.2	5	5_inacc	c1.jpg	2	143
172.8	5	5_acc	c8.jpg	2	143
183.5	5	5_inacc	c16.jpg	1	143
191.6	5	5_inacc	c19.jpg	1	143
201.9	5	1_inacc	c24.jpg	2	143
211.1	5	5_acc	c17.jpg	1	143
3.08	5	5_acc	c8.jpg	2	146
10.51	5	1_acc	c4.jpg	1	146
19.4	5	1_acc	c20.jpg	1	146
27.55	5	5_inacc	c18.jpg	1	146
37.17	5	1_inacc	c12.jpg	1	146
47.14	5	1_inacc	c22.jpg	1	146
55.68	5	1_inacc	c7.jpg	2	146
63.47	5	1_inacc	c14.jpg	2	146
72.71	5	1_acc	c24.jpg	1	146
83.81	5	1_inacc	c15.jpg	2	146
94.51	5	5_inacc	c2.jpg	2	146
105.57	5	1_inacc	c5.jpg	2	146
115.17	5	5_inacc	c1.jpg	2	146
122.95	5	1_acc	c9.jpg	2	146
133.27	5	5_acc	c19.jpg	2	146
143.24	5	5_inacc	c16.jpg	1	146
151.74	5	5_acc	c11.jpg	1	146
160.62	5	5_acc	c21.jpg	2	146
170.95	5	5_inacc	c17.jpg	1	146
179.1	5	5_acc	c10.jpg	2	146
188.33	5	5_acc	c13.jpg	1	146
195.39	5	1_inacc	c3.jpg	2	146
202.44	5	5_acc	c6.jpg	1	146
213.13	5	1_inacc	c23.jpg	1	146
3.1	5	5_acc	c20.jpg	2	147
10.1	5	1_inacc	c18.jpg	2	147
19.7	5	1_inacc	c13.jpg	1	147
28.2	5	5_acc	c4.jpg	2	147
38.5	5	1_inacc	c19.jpg	1	147
48.8	5	5_inacc	c14.jpg	1	147
57	5	1_acc	c21.jpg	2	147
68	5	5_inacc	c22.jpg	1	147
75.8	5	5_miss	c23.jpg	2	147
84.7	5	1_acc	c2.jpg	2	147
92.1	5	5_acc	c15.jpg	1	147
102.7	5	1_acc	c8.jpg	2	147
112.7	5	1_inacc	c17.jpg	1	147
121.6	5	1_inacc	c16.jpg	1	147
129.3	5	1_acc	c1.jpg	2	147
136.4	5	5_acc	c7.jpg	2	147
146.4	5	5_inacc	c3.jpg	2	147
153.8	5	5_inacc	c12.jpg	2	147
162.3	5	5_acc	c9.jpg	1	147
173.3	5	1_inacc	c10.jpg	1	147
181.4	5	5_inacc	c5.jpg	1	147
191	5	1_inacc	c6.jpg	1	147
201.7	5	5_inacc	c24.jpg	1	147
210.9	5	1_acc	c11.jpg	2	147
3	5	5_acc	c4.jpg	1	151
13.4	5	1_inacc	c19.jpg	2	151
21.2	5	5_inacc	c7.jpg	2	151
30.4	5	1_inacc	c1.jpg	1	151
37.8	5	5_inacc	c14.jpg	1	151
46.7	5	1_acc	c2.jpg	1	151
56	5	5_acc	c22.jpg	1	151
65.6	5	1_acc	c6.jpg	1	151
72.6	5	5_acc	c15.jpg	2	151
82.6	5	5_acc	c20.jpg	2	151
93.3	5	1_acc	c21.jpg	2	151
103.2	5	1_acc	c8.jpg	1	151
111.8	5	1_acc	c13.jpg	2	151
120.6	5	5_acc	c3.jpg	1	151
128.4	5	1_inacc	c16.jpg	1	151
139.5	5	1_acc	c18.jpg	2	151
150.2	5	1_acc	c11.jpg	1	151
159.7	5	1_acc	c10.jpg	2	151
170.1	5	5_acc	c12.jpg	2	151
181.1	5	5_acc	c24.jpg	2	151
188.2	5	5_acc	c23.jpg	1	151
195.6	5	1_acc	c17.jpg	2	151
203.8	5	5_acc	c5.jpg	1	151
212.3	5	5_acc	c9.jpg	2	151
3.04	5	5_inacc	c8.jpg	1	153
13.73	5	1_inacc	c14.jpg	1	153
24.77	5	1_inacc	c20.jpg	1	153
34.35	5	1_acc	c24.jpg	1	153
41.77	5	5_acc	c1.jpg	2	153
48.81	5	5_acc	c18.jpg	1	153
58.39	5	1_inacc	c7.jpg	1	153
66.16	5	5_inacc	c16.jpg	1	153
74.66	5	5_acc	c6.jpg	2	153
85.7	5	1_acc	c15.jpg	2	153
94.19	5	1_inacc	c4.jpg	2	153
101.24	5	5_acc	c19.jpg	2	153
110.46	5	1_inacc	c12.jpg	2	153
119.32	5	1_inacc	c9.jpg	1	153
129.27	5	5_acc	c11.jpg	1	153
139.22	5	1_inacc	c5.jpg	2	153
147.36	5	5_acc	c2.jpg	2	153
156.21	5	5_inacc	c21.jpg	1	153
164	5	1_inacc	c3.jpg	2	153
174.31	5	5_inacc	c13.jpg	2	153
181.73	5	5_inacc	c17.jpg	2	153
189.86	5	1_inacc	c22.jpg	1	153
200.53	5	5_inacc	c10.jpg	1	153
210.85	5	1_acc	c23.jpg	2	153
3.04	5	1_acc	c8.jpg	2	156
10.09	5	1_acc	c18.jpg	2	156
20.8	5	5_acc	c3.jpg	2	156
28.93	5	1_acc	c21.jpg	1	156
38.17	5	5_acc	c22.jpg	1	156
48.13	5	5_acc	c20.jpg	1	156
58.8	5	1_acc	c16.jpg	1	156
66.22	5	1_acc	c1.jpg	1	156
76.55	5	1_acc	c2.jpg	1	156
85.42	5	5_acc	c24.jpg	2	156
94.63	5	1_acc	c17.jpg	1	156
102.41	5	1_acc	c13.jpg	2	156
112.36	5	1_miss	c19.jpg	2	156
120.5	5	5_acc	c5.jpg	2	156
128.27	5	5_acc	c14.jpg	1	156
137.86	5	1_acc	c11.jpg	2	156
147.45	5	5_acc	c4.jpg	2	156
154.49	5	5_acc	c9.jpg	1	156
162.99	5	5_acc	c15.jpg	1	156
173.31	5	5_acc	c12.jpg	1	156
180.71	5	5_acc	c23.jpg	2	156
189.57	5	1_acc	c10.jpg	2	156
200.61	5	5_acc	c7.jpg	2	156
211.66	5	1_inacc	c6.jpg	1	156
3.1	5	5_inacc	c7.jpg	1	158
10.9	5	1_inacc	c8.jpg	1	158
20.5	5	1_acc	c2.jpg	2	158
27.9	5	5_inacc	c24.jpg	1	158
36.8	5	1_acc	c13.jpg	2	158
45.7	5	1_acc	c17.jpg	2	158
55.6	5	5_inacc	c4.jpg	1	158
65.2	5	5_acc	c23.jpg	2	158
72.3	5	1_inacc	c11.jpg	1	158
79.3	5	1_acc	c10.jpg	2	158
90	5	5_inacc	c12.jpg	1	158
98.5	5	5_acc	c20.jpg	2	158
106.7	5	1_inacc	c18.jpg	1	158
114.8	5	5_acc	c5.jpg	2	158
124.8	5	5_acc	c3.jpg	1	158
135.8	5	5_acc	c14.jpg	1	158
146.5	5	5_acc	c15.jpg	2	158
156.8	5	1_inacc	c1.jpg	2	158
164.6	5	1_acc	c6.jpg	1	158
173.9	5	5_acc	c22.jpg	2	158
181.3	5	1_inacc	c19.jpg	2	158
192.3	5	1_acc	c21.jpg	1	158
202.7	5	1_acc	c16.jpg	1	158
211.2	5	5_acc	c9.jpg	2	158
3.06	5	1_acc	c10.jpg	1	161
14.15	5	5_inacc	c5.jpg	2	161
23.39	5	5_acc	c22.jpg	1	161
32.97	5	5_inacc	c12.jpg	2	161
44.02	5	1_acc	c18.jpg	2	161
52.88	5	5_acc	c4.jpg	1	161
60.64	5	5_acc	c23.jpg	2	161
70.95	5	5_inacc	c7.jpg	2	161
78.36	5	5_inacc	c9.jpg	1	161
85.42	5	1_acc	c1.jpg	1	161
94.65	5	1_acc	c21.jpg	1	161
101.71	5	5_inacc	c3.jpg	1	161
111.66	5	1_acc	c17.jpg	2	161
122.35	5	1_acc	c2.jpg	2	161
132.67	5	1_acc	c13.jpg	2	161
140.85	5	5_inacc	c14.jpg	2	161
151.54	5	1_inacc	c19.jpg	1	161
160.04	5	5_inacc	c24.jpg	1	161
168.53	5	1_inacc	c8.jpg	1	161
178.48	5	5_inacc	c20.jpg	2	161
186.61	5	5_inacc	c15.jpg	1	161
195.48	5	1_acc	c16.jpg	2	161
202.88	5	1_acc	c6.jpg	2	161
210.65	5	1_acc	c11.jpg	1	161
3.06	5	1_inacc	c23.jpg	1	164
13.77	5	1_inacc	c15.jpg	2	164
20.82	5	1_acc	c3.jpg	1	164
30.05	5	1_acc	c7.jpg	1	164
38.55	5	1_acc	c24.jpg	2	164
48.15	5	5_acc	c6.jpg	1	164
57.38	5	5_acc	c21.jpg	1	164
64.8	5	5_acc	c17.jpg	1	164
75.12	5	5_inacc	c13.jpg	2	164
85.09	5	1_inacc	c12.jpg	2	164
93.97	5	1_inacc	c20.jpg	1	164
101.74	5	5_inacc	c16.jpg	1	164
109.53	5	5_acc	c19.jpg	2	164
118.03	5	1_acc	c14.jpg	2	164
129.11	5	5_acc	c2.jpg	2	164
137.25	5	1_inacc	c5.jpg	2	164
147.22	5	1_inacc	c4.jpg	2	164
154.66	5	5_acc	c1.jpg	2	164
161.71	5	5_acc	c10.jpg	1	164
172.4	5	1_acc	c22.jpg	1	164
180.54	5	5_inacc	c8.jpg	2	164
189.42	5	5_acc	c18.jpg	2	164
200.45	5	5_inacc	c11.jpg	1	164
210.06	5	1_acc	c9.jpg	1	164
3	5	5_inacc	c2.jpg	2	167
14.1	5	1_inacc	c9.jpg	2	167
21.9	5	1_inacc	c23.jpg	2	167
32.6	5	5_acc	c8.jpg	1	167
39.6	5	5_acc	c13.jpg	1	167
49.9	5	5_inacc	c17.jpg	2	167
58.8	5	5_inacc	c10.jpg	1	167
67.3	5	5_inacc	c16.jpg	1	167
75.4	5	1_inacc	c5.jpg	2	167
86.5	5	1_inacc	c22.jpg	1	167
96.1	5	1_inacc	c15.jpg	1	167
104.6	5	1_acc	c20.jpg	2	167
114.5	5	5_inacc	c11.jpg	2	167
123.7	5	5_inacc	c21.jpg	1	167
131.5	5	1_acc	c7.jpg	2	167
139.6	5	1_inacc	c12.jpg	1	167
150	5	1_acc	c3.jpg	1	167
157	5	5_inacc	c1.jpg	1	167
164.4	5	5_inacc	c6.jpg	2	167
174	5	1_inacc	c24.jpg	2	167
183.2	5	1_acc	c4.jpg	1	167
192.1	5	5_acc	c19.jpg	2	167
202.8	5	5_inacc	c18.jpg	2	167
212.7	5	1_acc	c14.jpg	1	167
3.08	5	5_inacc	c19.jpg	2	171
13.78	5	5_acc	c17.jpg	1	171
23.03	5	1_acc	c12.jpg	1	171
30.82	5	5_acc	c13.jpg	2	171
39.33	5	5_acc	c8.jpg	2	171
46.74	5	5_acc	c10.jpg	2	171
56.7	5	1_acc	c9.jpg	1	171
67.03	5	5_acc	c6.jpg	1	171
75.18	5	1_acc	c24.jpg	1	171
85.87	5	5_inacc	c1.jpg	2	171
96.22	5	1_inacc	c14.jpg	1	171
106.19	5	5_acc	c21.jpg	1	171
115.79	5	1_inacc	c4.jpg	2	171
124.3	5	1_inacc	c22.jpg	2	171
131.73	5	1_inacc	c20.jpg	2	171
140.96	5	1_inacc	c15.jpg	2	171
149.84	5	5_acc	c18.jpg	1	171
156.91	5	1_acc	c3.jpg	1	171
166.52	5	1_acc	c5.jpg	2	171
177.57	5	1_acc	c7.jpg	1	171
184.64	5	5_acc	c16.jpg	1	171
195.7	5	1_acc	c23.jpg	2	171
203.87	5	5_acc	c2.jpg	2	171
212.74	5	5_inacc	c11.jpg	1	171
3.08	5	5_inacc	c14.jpg	1	172
12.69	5	1_inacc	c10.jpg	2	172
21.22	5	1_acc	c2.jpg	2	172
31.19	5	5_acc	c24.jpg	2	172
38.62	5	5_acc	c12.jpg	2	172
46.41	5	5_acc	c5.jpg	1	172
57.48	5	5_acc	c9.jpg	1	172
66.36	5	1_acc	c13.jpg	2	172
73.42	5	5_acc	c15.jpg	2	172
83.74	5	1_acc	c21.jpg	1	172
94.79	5	5_acc	c4.jpg	1	172
102.93	5	1_inacc	c19.jpg	1	172
110.34	5	1_acc	c18.jpg	2	172
121.04	5	1_acc	c8.jpg	1	172
131.37	5	1_inacc	c16.jpg	2	172
140.98	5	5_acc	c23.jpg	2	172
151.67	5	1_inacc	c6.jpg	2	172
160.56	5	1_inacc	c1.jpg	1	172
168.72	5	5_acc	c3.jpg	1	172
177.96	5	5_acc	c7.jpg	1	172
186.46	5	5_acc	c20.jpg	2	172
193.52	5	1_acc	c11.jpg	1	172
201.31	5	1_acc	c17.jpg	1	172
210.56	5	5_acc	c22.jpg	2	172
3.04	5	5_acc	c2.jpg	2	174
12.65	5	5_inacc	c1.jpg	2	174
19.69	5	1_inacc	c14.jpg	2	174
26.73	5	5_acc	c8.jpg	1	174
37.04	5	1_acc	c15.jpg	1	174
46.62	5	1_acc	c24.jpg	2	174
54.01	5	5_acc	c6.jpg	2	174
63.24	5	5_acc	c17.jpg	2	174
74.28	5	1_inacc	c22.jpg	2	174
84.23	5	1_inacc	c20.jpg	1	174
94.9	5	1_acc	c4.jpg	1	174
105.21	5	1_acc	c9.jpg	1	174
113.71	5	1_inacc	c3.jpg	2	174
121.83	5	5_acc	c11.jpg	1	174
131.78	5	5_acc	c19.jpg	1	174
142.45	5	1_inacc	c7.jpg	2	174
153.49	5	5_acc	c21.jpg	2	174
162.34	5	1_acc	c5.jpg	1	174
170.1	5	5_acc	c16.jpg	1	174
178.6	5	1_acc	c12.jpg	2	174
187.46	5	5_inacc	c13.jpg	2	174
194.87	5	5_acc	c18.jpg	1	174
202.99	5	1_acc	c23.jpg	1	174
212.22	5	5_acc	c10.jpg	1	174
3.06	5	5_acc	c24.jpg	1	176
13.41	5	1_acc	c10.jpg	1	176
22.66	5	5_inacc	c15.jpg	2	176
33.71	5	1_acc	c18.jpg	2	176
41.49	5	5_acc	c7.jpg	2	176
50.39	5	5_acc	c3.jpg	1	176
61.07	5	5_inacc	c23.jpg	2	176
70.69	5	1_inacc	c1.jpg	2	176
77.74	5	1_inacc	c17.jpg	1	176
86.6	5	5_inacc	c9.jpg	1	176
96.56	5	5_inacc	c12.jpg	1	176
105.05	5	1_inacc	c21.jpg	2	176
112.47	5	1_inacc	c8.jpg	2	176
123.16	5	1_inacc	c19.jpg	1	176
131.68	5	5_inacc	c22.jpg	2	176
139.46	5	5_inacc	c5.jpg	1	176
148.7	5	1_inacc	c2.jpg	1	176
159.76	5	5_inacc	c4.jpg	1	176
167.17	5	1_inacc	c13.jpg	2	176
176.76	5	1_inacc	c11.jpg	2	176
187.09	5	5_acc	c14.jpg	2	176
194.14	5	1_inacc	c6.jpg	1	176
204.12	5	1_inacc	c16.jpg	1	176
212.25	5	5_inacc	c20.jpg	2	176
3.052	5	5_inacc	c7.jpg	2	178
12.665	5	5_acc	c14.jpg	2	178
23.386	5	1_acc	c2.jpg	1	178
31.528	5	5_acc	c12.jpg	2	178
42.598	5	5_inacc	c3.jpg	1	178
50.752	5	1_acc	c16.jpg	1	178
57.818	5	5_acc	c22.jpg	2	178
66.335	5	5_inacc	c23.jpg	2	178
73.403	5	5_acc	c9.jpg	2	178
80.806	5	1_acc	c21.jpg	2	178
91.502	5	1_inacc	c19.jpg	2	178
100.736	5	1_inacc	c8.jpg	2	178
108.517	5	5_inacc	c20.jpg	1	178
116.298	5	1_inacc	c11.jpg	2	178
127.382	5	1_inacc	c1.jpg	1	178
134.809	5	1_inacc	c10.jpg	1	178
143.689	5	1_inacc	c6.jpg	2	178
152.195	5	5_inacc	c5.jpg	1	178
162.52	5	5_acc	c4.jpg	1	178
171.755	5	5_acc	c15.jpg	1	178
180.632	5	1_inacc	c13.jpg	2	178
190.245	5	5_acc	c24.jpg	1	178
200.221	5	1_acc	c18.jpg	1	178
210.549	5	1_acc	c17.jpg	1	178
3.038	5	1_inacc	c24.jpg	1	181
10.826	5	1_inacc	c12.jpg	2	181
20.795	5	1_inacc	c9.jpg	1	181
31.107	5	1_inacc	c7.jpg	2	181
41.786	5	1_inacc	c14.jpg	2	181
52.822	5	5_inacc	c6.jpg	1	181
61.677	5	1_acc	c15.jpg	2	181
69.087	5	5_inacc	c18.jpg	2	181
79.037	5	1_inacc	c22.jpg	1	181
87.527	5	1_inacc	c5.jpg	1	181
96.407	5	5_inacc	c1.jpg	2	181
104.897	5	5_inacc	c10.jpg	1	181
111.947	5	5_inacc	c17.jpg	2	181
119.377	5	5_acc	c21.jpg	1	181
128.607	5	1_inacc	c4.jpg	2	181
138.197	5	1_inacc	c20.jpg	2	181
147.417	5	5_acc	c16.jpg	1	181
158.107	5	5_inacc	c11.jpg	2	181
166.247	5	5_inacc	c19.jpg	2	181
176.577	5	1_acc	c3.jpg	1	181
183.607	5	5_acc	c8.jpg	1	181
191.397	5	5_acc	c13.jpg	1	181
202.457	5	5_acc	c2.jpg	2	181
212.047	5	1_acc	c23.jpg	1	181
3.05	5	5_acc	c24.jpg	1	183
13.74	5	1_acc	c6.jpg	1	183
21.88	5	5_acc	c23.jpg	1	183
30.74	5	1_inacc	c13.jpg	2	183
37.79	5	1_acc	c19.jpg	1	183
48.84	5	1_acc	c10.jpg	1	183
56.24	5	5_inacc	c22.jpg	1	183
65.85	5	5_acc	c3.jpg	2	183
76.17	5	5_acc	c4.jpg	1	183
84.3	5	5_acc	c7.jpg	2	183
91.35	5	1_inacc	c8.jpg	2	183
100.21	5	5_acc	c12.jpg	1	183
107.61	5	1_acc	c21.jpg	2	183
117.2	5	1_acc	c11.jpg	1	183
125.69	5	5_acc	c14.jpg	2	183
134.94	5	1_inacc	c1.jpg	2	183
142.7	5	1_inacc	c16.jpg	2	183
152.66	5	5_inacc	c9.jpg	2	183
160.44	5	1_inacc	c2.jpg	1	183
170.75	5	1_inacc	c18.jpg	1	183
181.44	5	1_inacc	c17.jpg	2	183
190.66	5	5_acc	c5.jpg	2	183
201.71	5	5_inacc	c20.jpg	1	183
211.66	5	5_inacc	c15.jpg	2	183
3.04	5	1_inacc	c17.jpg	2	185
12.28	5	5_acc	c12.jpg	2	185
21.52	5	5_acc	c3.jpg	1	185
28.56	5	5_acc	c22.jpg	1	185
36.69	5	1_acc	c6.jpg	1	185
44.82	5	1_inacc	c16.jpg	2	185
53.67	5	5_acc	c24.jpg	1	185
63.61	5	1_acc	c18.jpg	2	185
73.94	5	1_inacc	c1.jpg	1	185
84.98	5	1_acc	c8.jpg	1	185
94.58	5	1_acc	c2.jpg	2	185
103.08	5	1_inacc	c10.jpg	2	185
113.03	5	5_inacc	c7.jpg	2	185
120.79	5	5_inacc	c23.jpg	1	185
131.47	5	5_acc	c14.jpg	1	185
138.88	5	5_inacc	c5.jpg	1	185
147.75	5	5_acc	c20.jpg	2	185
157.33	5	1_inacc	c11.jpg	1	185
165.1	5	5_acc	c4.jpg	2	185
176.15	5	5_acc	c9.jpg	2	185
184.66	5	1_acc	c13.jpg	2	185
192.07	5	5_inacc	c15.jpg	2	185
202.39	5	1_acc	c21.jpg	1	185
209.42	5	1_acc	c19.jpg	1	185
3.05	5	5_inacc	c1.jpg	1	187
12.65	5	1_inacc	c12.jpg	1	187
22.26	5	5_inacc	c2.jpg	2	187
30.39	5	1_acc	c22.jpg	2	187
37.79	5	1_acc	c14.jpg	2	187
47.74	5	5_inacc	c11.jpg	2	187
54.79	5	5_inacc	c6.jpg	1	187
63.29	5	1_inacc	c23.jpg	1	187
71.43	5	1_acc	c15.jpg	1	187
79.93	5	1_acc	c7.jpg	2	187
90.6	5	1_inacc	c20.jpg	2	187
101.64	5	1_inacc	c5.jpg	1	187
111.95	5	1_inacc	c24.jpg	1	187
120.81	5	1_inacc	c4.jpg	1	187
127.85	5	5_acc	c8.jpg	1	187
137.81	5	5_inacc	c18.jpg	1	187
146.68	5	5_inacc	c13.jpg	1	187
157.36	5	5_inacc	c21.jpg	1	187
164.76	5	1_inacc	c9.jpg	2	187
172.54	5	1_acc	c3.jpg	2	187
181.78	5	5_inacc	c16.jpg	2	187
192.1	5	5_acc	c17.jpg	2	187
201.33	5	5_inacc	c19.jpg	2	187
209.09	5	5_inacc	c10.jpg	2	187
3.05	5	5_acc	c7.jpg	2	190
10.82	5	1_acc	c8.jpg	1	190
19.68	5	5_inacc	c9.jpg	2	190
30.36	5	5_acc	c14.jpg	1	190
39.59	5	1_inacc	c13.jpg	1	190
50.27	5	1_inacc	c18.jpg	2	190
58.03	5	1_inacc	c21.jpg	2	190
67.25	5	5_acc	c23.jpg	2	190
75.74	5	5_acc	c20.jpg	1	190
83.89	5	1_inacc	c2.jpg	2	190
91.31	5	5_acc	c3.jpg	1	190
100.9	5	1_inacc	c17.jpg	2	190
111.95	5	1_inacc	c1.jpg	1	190
122.27	5	5_inacc	c22.jpg	2	190
133.3	5	1_inacc	c11.jpg	1	190
141.43	5	1_acc	c6.jpg	1	190
148.48	5	5_inacc	c24.jpg	1	190
155.89	5	1_inacc	c19.jpg	2	190
165.84	5	5_inacc	c5.jpg	1	190
174.7	5	5_inacc	c4.jpg	2	190
185.02	5	5_inacc	c12.jpg	1	190
192.07	5	5_inacc	c15.jpg	2	190
202.02	5	1_inacc	c16.jpg	2	190
210.51	5	1_inacc	c10.jpg	1	190
3	5	1_acc	c9.jpg	2	192
12.3	5	1_inacc	c3.jpg	1	192
19.7	5	5_acc	c21.jpg	2	192
28.6	5	5_acc	c19.jpg	1	192
38.9	5	1_inacc	c15.jpg	1	192
49.6	5	5_acc	c18.jpg	1	192
57.4	5	1_acc	c20.jpg	1	192
67.3	5	5_acc	c6.jpg	1	192
77.3	5	1_inacc	c24.jpg	2	192
85.1	5	1_inacc	c7.jpg	1	192
96.2	5	5_acc	c17.jpg	1	192
105.8	5	5_acc	c16.jpg	2	192
113.2	5	5_acc	c11.jpg	2	192
124.2	5	1_acc	c5.jpg	2	192
134.6	5	1_acc	c22.jpg	2	192
143.1	5	1_acc	c23.jpg	2	192
151.2	5	5_acc	c2.jpg	2	192
158.3	5	1_miss	c14.jpg	1	192
167.2	5	1_inacc	c4.jpg	1	192
176.8	5	5_acc	c13.jpg	1	192
185.3	5	1_acc	c12.jpg	2	192
192.3	5	5_acc	c1.jpg	2	192
200.5	5	5_acc	c10.jpg	2	192
209.7	5	5_inacc	c8.jpg	1	192
3.04	5	5_acc	c16.jpg	1	194
13.37	5	1_inacc	c7.jpg	2	194
23.32	5	1_acc	c12.jpg	1	194
30.72	5	1_inacc	c22.jpg	1	194
37.76	5	5_acc	c8.jpg	2	194
45.91	5	5_acc	c1.jpg	1	194
55.5	5	5_acc	c13.jpg	1	194
62.54	5	5_inacc	c6.jpg	2	194
71.75	5	1_inacc	c15.jpg	2	194
79.51	5	5_acc	c17.jpg	1	194
90.56	5	5_inacc	c18.jpg	2	194
99.42	5	1_inacc	c5.jpg	1	194
110.46	5	5_acc	c19.jpg	2	194
118.96	5	1_inacc	c3.jpg	2	194
129.63	5	5_inacc	c10.jpg	2	194
139.59	5	1_inacc	c4.jpg	1	194
149.9	5	1_inacc	c14.jpg	1	194
158.39	5	1_inacc	c20.jpg	1	194
166.53	5	1_acc	c23.jpg	2	194
175.76	5	5_inacc	c2.jpg	1	194
186.45	5	5_inacc	c11.jpg	2	194
194.22	5	1_inacc	c24.jpg	2	194
203.81	5	5_inacc	c21.jpg	1	194
211.21	5	1_inacc	c9.jpg	2	194
3.04	5	1_acc	c15.jpg	1	195
13.37	5	5_acc	c17.jpg	1	195
23.69	5	1_acc	c12.jpg	2	195
32.19	5	1_acc	c7.jpg	2	195
43.24	5	1_miss	c20.jpg	2	195
51.37	5	5_acc	c6.jpg	1	195
59.52	5	5_acc	c18.jpg	1	195
66.57	5	5_acc	c16.jpg	2	195
75.06	5	1_acc	c24.jpg	1	195
85.01	5	1_acc	c4.jpg	1	195
92.42	5	1_inacc	c23.jpg	2	195
101.65	5	1_acc	c5.jpg	1	195
110.51	5	5_acc	c21.jpg	2	195
121.2	5	5_acc	c8.jpg	2	195
128.6	5	5_inacc	c19.jpg	2	195
139.65	5	5_acc	c10.jpg	1	195
147.41	5	5_inacc	c13.jpg	2	195
156.28	5	1_inacc	c9.jpg	1	195
164.04	5	1_acc	c22.jpg	2	195
174.74	5	5_acc	c1.jpg	1	195
184.69	5	1_inacc	c14.jpg	1	195
194.29	5	5_acc	c11.jpg	1	195
203.52	5	5_inacc	c2.jpg	2	195
213.13	5	1_acc	c3.jpg	2	195
3.03	5	5_acc	c20.jpg	1	196
12.64	5	5_inacc	c4.jpg	2	196
20.78	5	5_inacc	c9.jpg	1	196
31.46	5	1_inacc	c11.jpg	2	196
42.49	5	1_inacc	c13.jpg	1	196
52.08	5	1_inacc	c6.jpg	2	196
62.75	5	5_inacc	c23.jpg	2	196
72.7	5	5_acc	c15.jpg	2	196
79.74	5	1_inacc	c19.jpg	2	196
87.16	5	1_acc	c16.jpg	1	196
96.38	5	5_inacc	c22.jpg	2	196
104.16	5	1_inacc	c2.jpg	1	196
112.29	5	1_inacc	c17.jpg	2	196
121.16	5	5_acc	c12.jpg	1	196
128.58	5	1_inacc	c1.jpg	1	196
137.07	5	5_inacc	c5.jpg	1	196
145.57	5	1_acc	c21.jpg	2	196
155.51	5	1_inacc	c8.jpg	1	196
165.82	5	5_acc	c7.jpg	2	196
174.68	5	5_inacc	c14.jpg	1	196
185.72	5	5_inacc	c24.jpg	2	196
194.94	5	1_inacc	c18.jpg	2	196
202.72	5	5_inacc	c3.jpg	1	196
213.03	5	1_inacc	c10.jpg	1	196
3.04	5	1_acc	c15.jpg	2	201
13.74	5	1_acc	c14.jpg	2	201
22.23	5	5_acc	c19.jpg	2	201
32.18	5	1_inacc	c4.jpg	2	201
40.31	5	5_acc	c13.jpg	2	201
48.8	5	1_inacc	c23.jpg	1	201
55.84	5	1_acc	c3.jpg	1	201
63.24	5	5_acc	c8.jpg	1	201
74.28	5	5_acc	c17.jpg	2	201
83.15	5	5_inacc	c1.jpg	2	201
90.56	5	1_inacc	c7.jpg	1	201
98.32	5	5_inacc	c21.jpg	1	201
106.11	5	1_inacc	c5.jpg	1	201
116.06	5	5_acc	c11.jpg	2	201
126.38	5	5_miss	c6.jpg	1	201
135.6	5	5_miss	c16.jpg	1	201
143.73	5	5_inacc	c10.jpg	1	201
150.79	5	5_miss	c2.jpg	1	201
161.47	5	1_inacc	c22.jpg	2	201
170.32	5	5_inacc	c18.jpg	2	201
179.9	5	1_inacc	c12.jpg	2	201
190.21	5	1_inacc	c20.jpg	2	201
199.79	5	1_acc	c24.jpg	1	201
209.02	5	1_inacc	c9.jpg	1	201
3.1	5	1_acc	c8.jpg	2	207
10.5	5	5_acc	c12.jpg	1	207
19.4	5	5_inacc	c3.jpg	2	207
29.3	5	5_acc	c24.jpg	2	207
36.8	5	1_inacc	c19.jpg	1	207
45.2	5	1_inacc	c6.jpg	1	207
53	5	1_inacc	c13.jpg	1	207
60.1	5	1_acc	c18.jpg	2	207
70	5	1_acc	c1.jpg	1	207
80.7	5	1_acc	c21.jpg	1	207
90.3	5	5_inacc	c23.jpg	1	207
98.1	5	5_acc	c22.jpg	1	207
107.7	5	5_inacc	c9.jpg	2	207
114.7	5	1_inacc	c16.jpg	2	207
125.8	5	5_acc	c14.jpg	1	207
135	5	1_inacc	c10.jpg	1	207
145.3	5	1_acc	c2.jpg	2	207
154.5	5	5_inacc	c5.jpg	1	207
164.8	5	5_inacc	c20.jpg	2	207
173	5	1_inacc	c17.jpg	2	207
181.8	5	5_inacc	c15.jpg	2	207
192.9	5	5_acc	c7.jpg	2	207
203.6	5	5_inacc	c4.jpg	1	207
212.1	5	1_inacc	c11.jpg	2	207
3	5	5_acc	c10.jpg	1	214
12.3	5	5_acc	c6.jpg	2	214
19.3	5	1_inacc	c23.jpg	1	214
28.2	5	1_acc	c20.jpg	2	214
38.5	5	1_inacc	c12.jpg	1	214
48.5	5	5_inacc	c21.jpg	2	214
59.5	5	1_inacc	c7.jpg	2	214
67.3	5	1_inacc	c5.jpg	1	214
75.8	5	5_inacc	c1.jpg	2	214
83.2	5	1_inacc	c3.jpg	2	214
94.3	5	1_inacc	c4.jpg	2	214
103.5	5	1_inacc	c15.jpg	1	214
110.5	5	5_inacc	c16.jpg	1	214
120.8	5	5_inacc	c11.jpg	1	214
129	5	5_inacc	c13.jpg	1	214
137.5	5	5_inacc	c2.jpg	2	214
148.1	5	5_inacc	c19.jpg	1	214
157	5	1_inacc	c22.jpg	1	214
165.1	5	1_acc	c24.jpg	2	214
172.6	5	1_inacc	c14.jpg	2	214
182.1	5	5_acc	c17.jpg	2	214
192.1	5	1_acc	c9.jpg	1	214
202.8	5	5_acc	c18.jpg	1	214
212.4	5	5_inacc	c8.jpg	2	214
3	5	1_acc	c24.jpg	1	215
12.7	5	5_inacc	c18.jpg	2	215
23.8	5	1_acc	c15.jpg	1	215
30.8	5	1_acc	c7.jpg	1	215
40.1	5	5_inacc	c19.jpg	1	215
50.1	5	5_inacc	c10.jpg	2	215
59.3	5	1_inacc	c14.jpg	2	215
67.5	5	1_inacc	c3.jpg	1	215
78.6	5	5_acc	c6.jpg	2	215
87.5	5	1_inacc	c5.jpg	2	215
96.4	5	5_inacc	c11.jpg	1	215
106	5	5_acc	c1.jpg	1	215
114.1	5	1_inacc	c4.jpg	2	215
124.5	5	1_acc	c22.jpg	1	215
135.2	5	5_inacc	c13.jpg	1	215
142.3	5	1_inacc	c12.jpg	2	215
149.7	5	5_acc	c8.jpg	2	215
158.2	5	1_acc	c9.jpg	2	215
166.8	5	5_inacc	c17.jpg	2	215
177.1	5	5_inacc	c2.jpg	1	215
184.6	5	5_inacc	c21.jpg	1	215
192.4	5	5_inacc	c16.jpg	2	215
203.1	5	1_inacc	c20.jpg	2	215
213.1	5	1_inacc	c23.jpg	1	215
3	5	5_inacc	c1.jpg	1	216
14.1	5	5_inacc	c17.jpg	2	216
22.6	5	5_acc	c8.jpg	1	216
30	5	1_inacc	c9.jpg	1	216
39.6	5	1_acc	c15.jpg	1	216
47.4	5	5_inacc	c19.jpg	2	216
56.2	5	1_acc	c3.jpg	1	216
64.7	5	1_inacc	c5.jpg	2	216
75.8	5	1_inacc	c14.jpg	1	216
83.2	5	1_inacc	c7.jpg	2	216
91.3	5	1_inacc	c12.jpg	1	216
102	5	1_inacc	c22.jpg	2	216
109	5	1_acc	c20.jpg	2	216
119	5	5_inacc	c6.jpg	2	216
128.9	5	5_inacc	c11.jpg	1	216
139.2	5	5_inacc	c21.jpg	2	216
147.4	5	5_inacc	c2.jpg	2	216
157	5	1_acc	c24.jpg	1	216
165.8	5	5_inacc	c18.jpg	1	216
173.6	5	5_acc	c10.jpg	2	216
184.3	5	1_acc	c4.jpg	2	216
194.6	5	5_inacc	c16.jpg	1	216
203.8	5	5_acc	c13.jpg	1	216
210.9	5	1_inacc	c23.jpg	2	216
3	5	1_acc	c22.jpg	2	219
12.2	5	5_inacc	c18.jpg	2	219
22.6	5	1_acc	c24.jpg	2	219
31.1	5	1_miss	c14.jpg	1	219
38.5	5	5_acc	c21.jpg	1	219
46.2	5	5_acc	c13.jpg	1	219
55.1	5	5_acc	c19.jpg	2	219
65.8	5	5_acc	c17.jpg	2	219
73.2	5	5_inacc	c8.jpg	1	219
81.7	5	1_acc	c12.jpg	2	219
89.4	5	5_acc	c10.jpg	2	219
98.7	5	1_inacc	c9.jpg	1	219
107.5	5	1_acc	c3.jpg	2	219
117.1	5	5_acc	c1.jpg	2	219
126.7	5	1_inacc	c20.jpg	2	219
137	5	5_inacc	c2.jpg	1	219
148.1	5	5_inacc	c11.jpg	1	219
155.1	5	1_acc	c23.jpg	1	219
165.1	5	1_inacc	c5.jpg	1	219
173.2	5	1_acc	c4.jpg	2	219
180.2	5	1_inacc	c15.jpg	1	219
190.9	5	1_acc	c7.jpg	1	219
202	5	5_inacc	c6.jpg	2	219
210.1	5	5_acc	c16.jpg	1	219
3.1	5	5_acc	c11.jpg	2	225
13.8	5	5_acc	c17.jpg	1	225
21.6	5	1_acc	c23.jpg	2	225
32.6	5	1_acc	c15.jpg	1	225
40.7	5	5_acc	c21.jpg	2	225
51.1	5	1_acc	c7.jpg	1	225
59.5	5	1_inacc	c20.jpg	2	225
70.2	5	1_acc	c5.jpg	2	225
79.1	5	5_inacc	c10.jpg	2	225
90.2	5	5_acc	c1.jpg	2	225
98.3	5	1_inacc	c14.jpg	2	225
108.2	5	1_acc	c12.jpg	1	225
115.3	5	5_acc	c16.jpg	1	225
123.8	5	1_inacc	c4.jpg	1	225
131.5	5	1_inacc	c24.jpg	2	225
141.9	5	5_acc	c2.jpg	2	225
148.9	5	5_acc	c8.jpg	1	225
158.9	5	1_inacc	c3.jpg	1	225
166.3	5	5_inacc	c6.jpg	1	225
175.2	5	1_inacc	c22.jpg	1	225
184.4	5	5_acc	c18.jpg	1	225
191.8	5	1_inacc	c9.jpg	2	225
201.4	5	5_inacc	c19.jpg	2	225
210.6	5	5_acc	c13.jpg	1	225
3	5	5_acc	p13.jpg	2	103
14.1	5	1_acc	p20.jpg	1	103
23.7	5	5_acc	p8.jpg	1	103
31.8	5	5_acc	p10.jpg	1	103
39.6	5	1_inacc	p1.jpg	1	103
47.4	5	1_inacc	p24.jpg	1	103
55.9	5	1_inacc	p16.jpg	2	103
67	5	5_inacc	p23.jpg	1	103
76.2	5	1_acc	p18.jpg	1	103
83.6	5	1_inacc	p5.jpg	2	103
94.3	5	1_acc	p12.jpg	2	103
102.4	5	5_inacc	p2.jpg	2	103
113.1	5	1_inacc	p19.jpg	2	103
120.2	5	5_acc	p11.jpg	2	103
127.6	5	5_acc	p4.jpg	2	103
137.9	5	1_inacc	p15.jpg	2	103
146.8	5	1_inacc	p22.jpg	2	103
156	5	1_inacc	p17.jpg	1	103
166.3	5	5_acc	p6.jpg	1	103
173.4	5	5_acc	p3.jpg	2	103
183.4	5	5_acc	p14.jpg	1	103
191.9	5	5_acc	p9.jpg	1	103
201.5	5	1_acc	p21.jpg	1	103
211.4	5	5_inacc	p7.jpg	2	103
3.08	5	5_inacc	p20.jpg	2	107
10.89	5	1_acc	p10.jpg	1	107
21.22	5	5_acc	p1.jpg	2	107
31.57	5	1_acc	p4.jpg	1	107
38.63	5	1_inacc	p23.jpg	2	107
47.5	5	5_inacc	p15.jpg	2	107
56.38	5	1_inacc	p14.jpg	2	107
65.99	5	5_inacc	p12.jpg	2	107
75.96	5	1_acc	p13.jpg	1	107
83.39	5	1_acc	p9.jpg	1	107
91.91	5	1_acc	p7.jpg	1	107
101.87	5	1_acc	p2.jpg	2	107
112.58	5	5_inacc	p5.jpg	1	107
120	5	5_inacc	p24.jpg	1	107
128.15	5	5_inacc	p16.jpg	2	107
138.86	5	1_inacc	p8.jpg	1	107
146.66	5	1_inacc	p3.jpg	2	107
155.89	5	5_acc	p18.jpg	1	107
162.96	5	5_inacc	p19.jpg	1	107
172.19	5	5_acc	p21.jpg	1	107
181.8	5	5_inacc	p17.jpg	1	107
190.31	5	5_inacc	p22.jpg	2	107
201.38	5	1_inacc	p11.jpg	2	107
209.55	5	1_inacc	p6.jpg	2	107
3.08	5	5_acc	p11.jpg	2	110
11.63	5	5_inacc	p13.jpg	2	110
22.33	5	5_acc	p9.jpg	1	110
32.31	5	5_acc	p7.jpg	1	110
41.2	5	5_acc	p4.jpg	2	110
48.63	5	1_inacc	p20.jpg	2	110
59.72	5	5_acc	p3.jpg	1	110
70.78	5	5_inacc	p14.jpg	2	110
80.05	5	5_acc	p6.jpg	1	110
87.13	5	1_acc	p16.jpg	1	110
97.1	5	5_acc	p8.jpg	2	110
107.44	5	1_inacc	p19.jpg	2	110
117.77	5	1_inacc	p22.jpg	1	110
127.01	5	5_inacc	p2.jpg	2	110
134.83	5	1_acc	p5.jpg	2	110
143.74	5	1_inacc	p21.jpg	1	110
150.8	5	1_inacc	p18.jpg	2	110
158.62	5	1_inacc	p24.jpg	2	110
166.78	5	1_inacc	p17.jpg	1	110
175.3	5	5_inacc	p10.jpg	1	110
183.47	5	1_inacc	p15.jpg	2	110
194.17	5	5_inacc	p23.jpg	1	110
203.79	5	1_acc	p12.jpg	1	110
211.25	5	1_inacc	p1.jpg	1	110
3.081	5	1_acc	p13.jpg	1	112
13.449	5	1_acc	p8.jpg	1	112
24.156	5	1_acc	p2.jpg	2	112
32.675	5	1_acc	p9.jpg	2	112
43.736	5	5_inacc	p15.jpg	1	112
54.812	5	5_acc	p22.jpg	1	112
62.235	5	5_acc	p17.jpg	2	112
70.761	5	1_acc	p3.jpg	2	112
78.914	5	1_acc	p23.jpg	1	112
86.349	5	5_acc	p1.jpg	2	112
94.502	5	1_acc	p11.jpg	1	112
104.119	5	1_acc	p14.jpg	1	112
113	5	5_acc	p21.jpg	2	112
123.339	5	1_inacc	p6.jpg	2	112
133.313	5	5_acc	p20.jpg	1	112
143.274	5	5_acc	p24.jpg	2	112
150.338	5	5_acc	p5.jpg	1	112
159.601	5	5_acc	p19.jpg	2	112
168.479	5	1_acc	p7.jpg	2	112
175.55	5	5_acc	p16.jpg	2	112
185.159	5	1_acc	p4.jpg	2	112
194.402	5	1_acc	p10.jpg	1	112
202.21	5	5_acc	p12.jpg	1	112
212.911	5	5_acc	p18.jpg	1	112
3.05	5	1_inacc	p8.jpg	2	113
10.48	5	5_acc	p21.jpg	2	113
17.89	5	1_inacc	p3.jpg	2	113
28.22	5	5_inacc	p17.jpg	1	113
38.18	5	1_inacc	p6.jpg	1	113
47.05	5	5_inacc	p16.jpg	1	113
54.1	5	1_inacc	p10.jpg	1	113
61.88	5	1_acc	p4.jpg	2	113
68.94	5	5_inacc	p18.jpg	2	113
77.82	5	5_inacc	p22.jpg	1	113
85.6	5	5_acc	p1.jpg	1	113
96.65	5	1_acc	p9.jpg	2	113
105.88	5	1_acc	p7.jpg	1	113
116.94	5	5_acc	p24.jpg	2	113
126.18	5	1_inacc	p23.jpg	2	113
134.32	5	5_inacc	p20.jpg	2	113
145	5	1_acc	p2.jpg	2	113
155.7	5	1_acc	p11.jpg	1	113
165.29	5	5_acc	p12.jpg	2	113
173.43	5	5_acc	p19.jpg	2	113
183.04	5	5_acc	p5.jpg	1	113
193.36	5	1_acc	p13.jpg	1	113
203.32	5	5_acc	p15.jpg	1	113
211.84	5	1_acc	p14.jpg	1	113
3.049	5	5_acc	p1.jpg	1	116
12.286	5	1_inacc	p14.jpg	1	116
21.525	5	1_acc	p2.jpg	1	116
30.027	5	1_acc	p8.jpg	2	116
37.433	5	5_acc	p12.jpg	2	116
47.399	5	1_acc	p3.jpg	1	116
58.453	5	5_inacc	p18.jpg	2	116
66.964	5	5_inacc	p16.jpg	1	116
75.843	5	5_inacc	p5.jpg	2	116
86.546	5	5_inacc	p17.jpg	2	116
96.871	5	5_acc	p19.jpg	2	116
105.015	5	1_inacc	p6.jpg	2	116
115.348	5	5_acc	p22.jpg	1	116
124.944	5	5_inacc	p15.jpg	1	116
131.998	5	1_inacc	p4.jpg	2	116
139.784	5	1_acc	p10.jpg	2	116
148.662	5	5_inacc	p24.jpg	1	116
159.72	5	1_inacc	p9.jpg	2	116
166.78	5	1_inacc	p13.jpg	1	116
176.745	5	1_acc	p23.jpg	2	116
186.338	5	1_inacc	p11.jpg	1	116
197.037	5	1_inacc	p7.jpg	1	116
205.181	5	5_acc	p20.jpg	2	116
212.955	5	5_inacc	p21.jpg	1	116
3.06	5	1_inacc	p12.jpg	2	120
13.03	5	1_inacc	p20.jpg	1	120
21.54	5	5_acc	p6.jpg	1	120
29.32	5	1_inacc	p17.jpg	1	120
38.18	5	5_inacc	p11.jpg	1	120
48.14	5	1_acc	p1.jpg	2	120
58.83	5	1_acc	p15.jpg	1	120
65.89	5	5_acc	p23.jpg	2	120
74.4	5	5_acc	p7.jpg	2	120
85.08	5	1_acc	p21.jpg	1	120
92.5	5	1_miss	p19.jpg	1	120
100.28	5	5_acc	p3.jpg	1	120
107.7	5	1_inacc	p24.jpg	2	120
118.02	5	5_acc	p9.jpg	2	120
127.62	5	1_inacc	p18.jpg	1	120
135.76	5	5_acc	p8.jpg	1	120
144.63	5	5_acc	p14.jpg	2	120
154.95	5	1_acc	p16.jpg	2	120
164.18	5	5_acc	p4.jpg	2	120
175.23	5	5_acc	p2.jpg	1	120
182.29	5	5_acc	p13.jpg	1	120
191.52	5	1_inacc	p22.jpg	2	120
201.11	5	1_acc	p5.jpg	2	120
212.17	5	5_acc	p10.jpg	2	120
3	5	5_acc	p9.jpg	1	123
13.3	5	1_acc	p22.jpg	2	123
20.4	5	1_acc	p5.jpg	1	123
29.6	5	1_inacc	p17.jpg	2	123
40.7	5	1_acc	p15.jpg	2	123
50.3	5	5_acc	p2.jpg	1	123
59.8	5	1_acc	p19.jpg	1	123
69.8	5	1_acc	p12.jpg	2	123
77.6	5	5_acc	p11.jpg	2	123
88.2	5	1_acc	p16.jpg	2	123
97.1	5	1_acc	p18.jpg	1	123
105.2	5	5_inacc	p13.jpg	1	123
112.6	5	5_inacc	p3.jpg	2	123
121.9	5	1_inacc	p20.jpg	1	123
132.5	5	1_acc	p21.jpg	1	123
141	5	5_acc	p7.jpg	2	123
149.5	5	1_acc	p24.jpg	2	123
159.9	5	1_acc	p1.jpg	1	123
167.3	5	5_inacc	p6.jpg	1	123
178.3	5	5_acc	p8.jpg	1	123
187.2	5	5_acc	p4.jpg	1	123
195	5	5_acc	p23.jpg	2	123
203.1	5	5_inacc	p14.jpg	2	123
210.1	5	5_acc	p10.jpg	2	123
3.1	5	5_acc	p1.jpg	1	124
14.1	5	5_acc	p12.jpg	1	124
21.9	5	1_inacc	p2.jpg	1	124
29	5	5_acc	p19.jpg	2	124
37.1	5	5_acc	p22.jpg	2	124
44.5	5	1_inacc	p11.jpg	2	124
52.6	5	1_inacc	p14.jpg	2	124
61.5	5	5_acc	p5.jpg	2	124
70.4	5	1_inacc	p7.jpg	2	124
80	5	1_inacc	p9.jpg	1	124
90.3	5	1_acc	p3.jpg	2	124
101	5	1_acc	p10.jpg	1	124
110.9	5	5_inacc	p16.jpg	2	124
121.3	5	1_inacc	p6.jpg	2	124
129	5	5_acc	p18.jpg	1	124
136.1	5	5_acc	p21.jpg	2	124
146.8	5	5_acc	p20.jpg	2	124
155.3	5	5_inacc	p15.jpg	1	124
164.5	5	1_inacc	p8.jpg	1	124
171.9	5	5_acc	p24.jpg	1	124
181.9	5	1_acc	p4.jpg	2	124
191.1	5	1_acc	p13.jpg	1	124
202.1	5	5_acc	p17.jpg	1	124
211.7	5	1_acc	p23.jpg	1	124
3.1	5	1_inacc	p11.jpg	1	126
13.4	5	5_inacc	p17.jpg	1	126
23.8	5	5_inacc	p21.jpg	2	126
34.4	5	5_inacc	p22.jpg	1	126
41.5	5	5_acc	p19.jpg	1	126
50.7	5	5_acc	p16.jpg	2	126
60.7	5	5_inacc	p1.jpg	1	126
69.6	5	5_acc	p24.jpg	2	126
77.7	5	1_inacc	p8.jpg	2	126
87.3	5	5_inacc	p5.jpg	1	126
96.9	5	1_acc	p23.jpg	2	126
108	5	1_acc	p2.jpg	1	126
118.6	5	1_inacc	p14.jpg	2	126
127.5	5	5_acc	p15.jpg	1	126
136	5	1_acc	p10.jpg	2	126
143.4	5	1_inacc	p7.jpg	1	126
151.6	5	5_inacc	p12.jpg	2	126
162.6	5	1_inacc	p6.jpg	1	126
169.7	5	5_acc	p20.jpg	2	126
177.1	5	1_acc	p9.jpg	2	126
186.3	5	1_inacc	p4.jpg	1	126
194.1	5	1_inacc	p13.jpg	2	126
204.1	5	5_acc	p18.jpg	2	126
211.9	5	1_inacc	p3.jpg	1	126
3.1	5	1_acc	p16.jpg	2	128
13	5	1_acc	p12.jpg	1	128
24.1	5	1_acc	p5.jpg	2	128
31.5	5	5_acc	p14.jpg	1	128
40.4	5	5_acc	p9.jpg	2	128
51.4	5	5_inacc	p13.jpg	1	128
59.6	5	5_inacc	p3.jpg	2	128
68.1	5	1_acc	p19.jpg	2	128
77.3	5	1_acc	p21.jpg	2	128
85.5	5	1_inacc	p1.jpg	1	128
92.5	5	5_inacc	p6.jpg	1	128
102.5	5	1_acc	p22.jpg	2	128
112.1	5	5_acc	p8.jpg	1	128
119.5	5	5_acc	p2.jpg	1	128
129.8	5	5_inacc	p7.jpg	1	128
140.5	5	5_acc	p10.jpg	2	128
150.1	5	5_inacc	p23.jpg	2	128
159.3	5	1_inacc	p24.jpg	2	128
168.2	5	1_acc	p17.jpg	1	128
176.7	5	5_acc	p11.jpg	2	128
184.5	5	5_acc	p4.jpg	2	128
191.5	5	1_acc	p18.jpg	1	128
199.3	5	1_acc	p15.jpg	1	128
209.6	5	1_acc	p20.jpg	1	128
3.098	5	5_acc	p2.jpg	1	131
11.275	5	1_inacc	p20.jpg	1	131
18.715	5	5_inacc	p9.jpg	2	131
29.069	5	5_inacc	p7.jpg	1	131
36.88	5	5_inacc	p13.jpg	2	131
45.402	5	1_acc	p21.jpg	2	131
55.389	5	1_acc	p24.jpg	2	131
63.563	5	5_acc	p11.jpg	1	131
72.818	5	5_acc	p14.jpg	1	131
82.794	5	5_acc	p6.jpg	2	131
89.879	5	1_inacc	p17.jpg	1	131
97.676	5	5_inacc	p10.jpg	2	131
108.362	5	5_acc	p3.jpg	1	131
117.226	5	5_inacc	p4.jpg	2	131
124.662	5	5_inacc	p23.jpg	2	131
135.724	5	1_inacc	p12.jpg	1	131
144.598	5	1_inacc	p18.jpg	2	131
154.933	5	1_acc	p15.jpg	2	131
162.011	5	1_inacc	p22.jpg	2	131
173.071	5	1_acc	p1.jpg	2	131
182.338	5	1_acc	p19.jpg	1	131
193.055	5	1_inacc	p16.jpg	1	131
202.677	5	1_acc	p5.jpg	1	131
211.197	5	5_acc	p8.jpg	1	131
3.085	5	1_acc	p3.jpg	1	136
11.251	5	5_acc	p16.jpg	2	136
19.398	5	5_acc	p17.jpg	2	136
29.739	5	5_inacc	p20.jpg	2	136
40.438	5	5_acc	p22.jpg	1	136
47.491	5	5_inacc	p24.jpg	1	136
57.098	5	1_inacc	p2.jpg	1	136
64.521	5	5_acc	p1.jpg	2	136
73.761	5	1_inacc	p6.jpg	2	136
82.998	5	5_acc	p15.jpg	1	136
92.968	5	5_acc	p18.jpg	1	136
101.842	5	5_acc	p19.jpg	2	136
109.655	5	5_acc	p12.jpg	2	136
118.155	5	1_inacc	p23.jpg	2	136
126.676	5	5_acc	p21.jpg	1	136
137.74	5	1_inacc	p9.jpg	2	136
145.516	5	1_acc	p10.jpg	2	136
155.123	5	1_acc	p13.jpg	1	136
165.447	5	1_acc	p14.jpg	1	136
176.173	5	1_inacc	p11.jpg	1	136
183.237	5	1_acc	p4.jpg	2	136
194.292	5	1_acc	p7.jpg	2	136
203.19	5	5_acc	p5.jpg	1	136
210.613	5	1_acc	p8.jpg	1	136
3.1	5	5_acc	p23.jpg	1	142
10.18	5	5_inacc	p14.jpg	2	142
18.7	5	5_inacc	p6.jpg	1	142
29.76	5	5_inacc	p13.jpg	2	142
40.09	5	5_acc	p9.jpg	1	142
50.79	5	5_acc	p3.jpg	2	142
60.38	5	1_inacc	p24.jpg	2	142
67.46	5	1_inacc	p16.jpg	1	142
74.89	5	1_inacc	p5.jpg	1	142
85.97	5	1_acc	p18.jpg	2	142
94.12	5	1_inacc	p12.jpg	2	142
103.01	5	1_inacc	p20.jpg	1	142
110.82	5	1_miss	p22.jpg	2	142
121.15	5	5_inacc	p10.jpg	2	142
130.39	5	1_inacc	p17.jpg	1	142
140.37	5	1_inacc	p19.jpg	1	142
148.89	5	5_acc	p8.jpg	2	142
156.31	5	5_acc	p2.jpg	1	142
164.09	5	1_inacc	p1.jpg	1	142
173.69	5	5_inacc	p11.jpg	2	142
183.66	5	1_acc	p21.jpg	2	142
194.36	5	5_acc	p7.jpg	1	142
202.51	5	5_acc	p4.jpg	1	142
211.39	5	1_inacc	p15.jpg	2	142
3.1	5	5_acc	p19.jpg	2	144
14.2	5	5_inacc	p24.jpg	2	144
23.1	5	5_acc	p12.jpg	1	144
33.8	5	5_miss	p20.jpg	2	144
43.7	5	1_inacc	p2.jpg	2	144
52.6	5	1_inacc	p7.jpg	1	144
62.6	5	5_inacc	p16.jpg	1	144
71.8	5	1_inacc	p10.jpg	1	144
81.4	5	1_inacc	p23.jpg	2	144
88.8	5	1_acc	p14.jpg	1	144
99.9	5	1_inacc	p3.jpg	2	144
109.1	5	1_inacc	p13.jpg	1	144
119.4	5	5_acc	p17.jpg	2	144
127.2	5	5_acc	p5.jpg	2	144
135.8	5	1_inacc	p9.jpg	1	144
143.9	5	1_miss	p11.jpg	1	144
152.4	5	5_inacc	p22.jpg	1	144
162.8	5	5_inacc	p18.jpg	1	144
172.4	5	5_inacc	p15.jpg	1	144
179.8	5	5_inacc	p1.jpg	1	144
186.9	5	1_inacc	p8.jpg	2	144
193.9	5	1_acc	p4.jpg	2	144
204.7	5	1_acc	p6.jpg	2	144
212.4	5	5_acc	p21.jpg	2	144
3.078	5	1_acc	p2.jpg	1	149
11.987	5	1_acc	p13.jpg	2	149
22.336	5	1_acc	p3.jpg	1	149
33.061	5	5_acc	p18.jpg	1	149
43.776	5	1_inacc	p23.jpg	1	149
53.038	5	1_acc	p6.jpg	1	149
60.816	5	1_acc	p10.jpg	2	149
70.792	5	5_inacc	p15.jpg	2	149
77.863	5	5_acc	p20.jpg	1	149
87.102	5	5_acc	p17.jpg	1	149
97.451	5	1_inacc	p9.jpg	2	149
105.615	5	5_acc	p21.jpg	1	149
113.413	5	5_acc	p16.jpg	2	149
120.843	5	1_acc	p11.jpg	2	149
129.384	5	5_inacc	p1.jpg	2	149
137.561	5	1_inacc	p7.jpg	2	149
148.636	5	1_inacc	p14.jpg	1	149
158.233	5	5_acc	p19.jpg	2	149
169.296	5	5_acc	p12.jpg	1	149
179.265	5	5_inacc	p24.jpg	2	149
188.139	5	5_acc	p5.jpg	1	149
196.652	5	1_inacc	p8.jpg	2	149
203.728	5	5_acc	p22.jpg	2	149
213.331	5	1_inacc	p4.jpg	1	149
3.05	5	5_inacc	p13.jpg	1	152
13.03	5	1_inacc	p19.jpg	1	152
23.73	5	1_inacc	p15.jpg	1	152
33.33	5	1_inacc	p1.jpg	2	152
44.4	5	5_inacc	p8.jpg	2	152
52.56	5	5_acc	p7.jpg	2	152
59.98	5	1_acc	p20.jpg	2	152
68.5	5	1_inacc	p16.jpg	2	152
77.76	5	5_inacc	p4.jpg	2	152
87.37	5	5_inacc	p10.jpg	1	152
98.09	5	5_inacc	p14.jpg	1	152
105.88	5	1_acc	p22.jpg	2	152
114.75	5	5_inacc	p6.jpg	2	152
124	5	1_inacc	p5.jpg	2	152
131.06	5	1_acc	p17.jpg	1	152
138.83	5	1_inacc	p18.jpg	1	152
148.79	5	1_inacc	p12.jpg	1	152
159.13	5	5_inacc	p23.jpg	1	152
170.18	5	5_acc	p11.jpg	2	152
179.05	5	5_inacc	p3.jpg	1	152
187.56	5	1_inacc	p21.jpg	2	152
194.98	5	5_inacc	p9.jpg	1	152
205.33	5	1_inacc	p24.jpg	1	152
213.48	5	5_acc	p2.jpg	2	152
3.04	5	1_inacc	p3.jpg	2	154
11.91	5	1_inacc	p23.jpg	2	154
19.32	5	5_inacc	p15.jpg	1	154
28.55	5	1_inacc	p14.jpg	1	154
38.5	5	1_inacc	p6.jpg	1	154
49.55	5	5_inacc	p5.jpg	1	154
57.32	5	1_inacc	p13.jpg	1	154
66.54	5	1_inacc	p9.jpg	2	154
73.59	5	5_inacc	p24.jpg	1	154
82.45	5	1_inacc	p7.jpg	2	154
90.23	5	5_inacc	p18.jpg	2	154
100.19	5	5_inacc	p17.jpg	2	154
108.69	5	5_inacc	p16.jpg	2	154
119.73	5	5_inacc	p20.jpg	2	154
126.78	5	1_inacc	p11.jpg	2	154
137.1	5	1_acc	p2.jpg	1	154
145.6	5	5_inacc	p1.jpg	2	154
153.73	5	1_inacc	p4.jpg	1	154
161.89	5	1_inacc	p8.jpg	2	154
171.47	5	1_inacc	p10.jpg	1	154
182.15	5	5_inacc	p22.jpg	2	154
189.56	5	5_inacc	p19.jpg	1	154
199.88	5	5_inacc	p12.jpg	1	154
209.46	5	5_inacc	p21.jpg	1	154
3.04	5	5_miss	p14.jpg	2	157
14.09	5	1_acc	p17.jpg	1	157
24.41	5	1_acc	p22.jpg	1	157
32.56	5	1_acc	p20.jpg	1	157
41.42	5	1_acc	p16.jpg	1	157
48.47	5	5_acc	p2.jpg	2	157
56.97	5	5_acc	p4.jpg	1	157
66.92	5	1_acc	p12.jpg	1	157
77.6	5	5_inacc	p10.jpg	1	157
85.38	5	5_acc	p3.jpg	2	157
93.52	5	1_acc	p21.jpg	2	157
104.57	5	5_acc	p7.jpg	2	157
114.16	5	1_inacc	p5.jpg	2	157
123.75	5	5_inacc	p6.jpg	1	157
134.43	5	1_inacc	p1.jpg	2	157
141.84	5	5_inacc	p13.jpg	1	157
152.15	5	1_inacc	p15.jpg	2	157
162.11	5	1_inacc	p24.jpg	1	157
169.89	5	5_acc	p8.jpg	1	157
178.76	5	5_acc	p11.jpg	1	157
186.16	5	5_acc	p9.jpg	2	157
195.39	5	1_inacc	p19.jpg	2	157
203.89	5	1_inacc	p18.jpg	2	157
213.12	5	5_acc	p23.jpg	2	157
3	5	5_acc	p12.jpg	2	162
12.3	5	1_acc	p6.jpg	2	162
19.7	5	1_inacc	p13.jpg	1	162
28.6	5	5_acc	p1.jpg	1	162
39.6	5	1_acc	p3.jpg	1	162
50.3	5	5_acc	p5.jpg	1	162
57.7	5	1_inacc	p8.jpg	2	162
68.7	5	5_acc	p17.jpg	2	162
78.7	5	5_acc	p19.jpg	1	162
89.4	5	5_inacc	p18.jpg	1	162
99.7	5	5_acc	p15.jpg	2	162
107.5	5	1_acc	p11.jpg	1	162
117.4	5	1_inacc	p14.jpg	1	162
127	5	5_acc	p24.jpg	2	162
135.9	5	5_inacc	p22.jpg	1	162
144.4	5	1_inacc	p4.jpg	1	162
152.2	5	1_inacc	p9.jpg	2	162
160.3	5	1_acc	p7.jpg	2	162
169.5	5	5_acc	p21.jpg	2	162
177.6	5	5_acc	p20.jpg	1	162
184.7	5	1_acc	p2.jpg	2	162
193.2	5	5_acc	p16.jpg	2	162
202.8	5	1_inacc	p23.jpg	1	162
213.1	5	1_inacc	p10.jpg	2	162
3.08	5	5_acc	p9.jpg	1	163
10.18	5	5_acc	p6.jpg	1	163
20.9	5	5_acc	p14.jpg	2	163
29.8	5	1_acc	p16.jpg	2	163
39.41	5	1_inacc	p15.jpg	2	163
50.46	5	1_inacc	p24.jpg	1	163
57.89	5	1_acc	p21.jpg	1	163
68.22	5	5_acc	p4.jpg	1	163
78.57	5	5_acc	p3.jpg	1	163
86.74	5	5_acc	p11.jpg	2	163
96.34	5	1_acc	p22.jpg	2	163
104.87	5	5_acc	p7.jpg	1	163
114.83	5	1_acc	p20.jpg	1	163
124.1	5	5_acc	p2.jpg	2	163
131.52	5	5_acc	p10.jpg	2	163
140.04	5	1_inacc	p19.jpg	1	163
147.12	5	1_inacc	p1.jpg	1	163
154.92	5	5_acc	p8.jpg	2	163
164.16	5	1_inacc	p18.jpg	2	163
173.05	5	5_acc	p13.jpg	2	163
184.13	5	5_acc	p23.jpg	1	163
191.93	5	1_acc	p12.jpg	2	163
201.9	5	1_acc	p17.jpg	1	163
210.05	5	1_acc	p5.jpg	2	163
3.1	5	1_inacc	p3.jpg	1	165
13.1	5	5_acc	p15.jpg	1	165
21.3	5	5_acc	p19.jpg	2	165
28.7	5	5_acc	p22.jpg	1	165
37.2	5	1_acc	p8.jpg	2	165
46.8	5	5_acc	p1.jpg	2	165
55.7	5	1_acc	p7.jpg	2	165
62.8	5	1_acc	p2.jpg	2	165
71.6	5	5_inacc	p16.jpg	1	165
82.7	5	5_acc	p17.jpg	1	165
90.5	5	5_inacc	p18.jpg	1	165
100.5	5	1_inacc	p13.jpg	1	165
109.7	5	1_acc	p14.jpg	1	165
118.3	5	1_acc	p4.jpg	1	165
129.3	5	1_inacc	p6.jpg	2	165
136.8	5	5_inacc	p12.jpg	2	165
147.4	5	5_acc	p21.jpg	1	165
154.5	5	5_acc	p5.jpg	2	165
163.8	5	5_acc	p24.jpg	2	165
173.4	5	1_acc	p10.jpg	2	165
183.7	5	1_inacc	p23.jpg	1	165
191.9	5	1_acc	p11.jpg	2	165
202.6	5	1_acc	p9.jpg	1	165
210.3	5	5_inacc	p20.jpg	2	165
3.1	5	5_acc	p1.jpg	1	166
10.9	5	5_acc	p20.jpg	2	166
18.3	5	1_acc	p7.jpg	2	166
27.5	5	1_acc	p2.jpg	1	166
35.3	5	5_inacc	p18.jpg	1	166
44.6	5	5_acc	p16.jpg	2	166
53.4	5	5_acc	p15.jpg	1	166
62	5	1_inacc	p4.jpg	2	166
72.3	5	1_acc	p6.jpg	1	166
80.8	5	5_acc	p19.jpg	1	166
87.9	5	5_inacc	p22.jpg	1	166
97.9	5	1_acc	p8.jpg	2	166
107.5	5	1_acc	p14.jpg	2	166
114.9	5	1_inacc	p23.jpg	1	166
125.6	5	1_miss	p11.jpg	2	166
132.7	5	1_inacc	p10.jpg	1	166
140.9	5	5_inacc	p5.jpg	2	166
149.1	5	1_acc	p9.jpg	1	166
158	5	1_acc	p3.jpg	2	166
169	5	1_acc	p13.jpg	1	166
179	5	5_inacc	p12.jpg	2	166
188.6	5	5_acc	p17.jpg	2	166
199.7	5	5_inacc	p21.jpg	1	166
210.4	5	5_acc	p24.jpg	2	166
3	5	1_acc	p6.jpg	2	173
14.1	5	1_acc	p4.jpg	1	173
24.8	5	5_inacc	p20.jpg	1	173
35.8	5	1_acc	p11.jpg	1	173
44.7	5	1_inacc	p10.jpg	2	173
54.7	5	5_acc	p19.jpg	2	173
64.3	5	5_acc	p5.jpg	2	173
74.2	5	1_inacc	p9.jpg	2	173
81.3	5	5_acc	p18.jpg	1	173
90.1	5	5_acc	p16.jpg	2	173
99.4	5	1_acc	p14.jpg	2	173
107.5	5	1_acc	p23.jpg	1	173
115.3	5	1_acc	p7.jpg	2	173
124.9	5	1_inacc	p3.jpg	1	173
132.3	5	5_inacc	p22.jpg	2	173
139.7	5	1_inacc	p8.jpg	1	173
149	5	5_inacc	p12.jpg	2	173
156	5	5_inacc	p24.jpg	1	173
164.5	5	5_acc	p21.jpg	2	173
172.3	5	5_acc	p15.jpg	1	173
183	5	1_inacc	p13.jpg	1	173
193.3	5	5_acc	p17.jpg	1	173
203.6	5	1_miss	p2.jpg	2	173
212.1	5	5_acc	p1.jpg	1	173
3.04	5	5_acc	p3.jpg	2	175
11.91	5	5_acc	p2.jpg	1	175
21.51	5	5_miss	p23.jpg	2	175
30.01	5	1_inacc	p15.jpg	1	175
37.42	5	1_inacc	p19.jpg	2	175
47.76	5	1_inacc	p18.jpg	1	175
56.98	5	1_inacc	p21.jpg	2	175
66.95	5	5_inacc	p8.jpg	2	175
77.27	5	1_inacc	p22.jpg	2	175
88.32	5	1_inacc	p1.jpg	2	175
97.19	5	1_inacc	p12.jpg	1	175
104.97	5	1_inacc	p24.jpg	1	175
112.02	5	5_acc	p13.jpg	2	175
119.81	5	1_inacc	p5.jpg	1	175
129.4	5	5_acc	p6.jpg	1	175
140.1	5	5_inacc	p10.jpg	1	175
149.34	5	5_inacc	p7.jpg	1	175
160.39	5	1_acc	p16.jpg	2	175
168.9	5	5_acc	p14.jpg	2	175
177.04	5	5_acc	p9.jpg	2	175
184.11	5	1_acc	p20.jpg	1	175
192.25	5	1_acc	p17.jpg	2	175
202.94	5	5_acc	p11.jpg	1	175
210.36	5	5_acc	p4.jpg	1	175
3.048	5	5_inacc	p2.jpg	2	182
14.109	5	1_acc	p16.jpg	1	182
24.799	5	1_acc	p19.jpg	1	182
32.933	5	5_acc	p4.jpg	2	182
40.353	5	5_acc	p8.jpg	2	182
48.135	5	1_acc	p15.jpg	1	182
55.538	5	1_inacc	p21.jpg	1	182
63.308	5	5_acc	p6.jpg	2	182
72.898	5	5_acc	p14.jpg	1	182
82.89	5	1_acc	p24.jpg	2	182
91.393	5	5_acc	p11.jpg	2	182
99.895	5	5_acc	p13.jpg	1	182
110.573	5	1_acc	p1.jpg	1	182
120.533	5	1_inacc	p20.jpg	2	182
130.863	5	5_inacc	p23.jpg	1	182
139.729	5	5_acc	p9.jpg	1	182
148.962	5	1_acc	p12.jpg	2	182
156.021	5	5_acc	p7.jpg	1	182
164.161	5	5_acc	p3.jpg	1	182
171.22	5	5_inacc	p10.jpg	2	182
181.546	5	1_inacc	p17.jpg	2	182
190.409	5	1_inacc	p18.jpg	1	182
201.484	5	1_inacc	p5.jpg	2	182
211.077	5	1_inacc	p22.jpg	2	182
3	5	1_acc	p1.jpg	1	184
10.4	5	1_acc	p12.jpg	1	184
21.5	5	5_acc	p8.jpg	2	184
30	5	5_acc	p7.jpg	1	184
37.8	5	1_acc	p21.jpg	2	184
44.8	5	5_acc	p11.jpg	2	184
55.2	5	5_inacc	p13.jpg	1	184
64	5	1_inacc	p5.jpg	2	184
73.3	5	5_acc	p23.jpg	1	184
83.9	5	5_inacc	p4.jpg	2	184
92.1	5	5_inacc	p2.jpg	1	184
102.1	5	5_inacc	p9.jpg	1	184
111.6	5	1_inacc	p17.jpg	1	184
120.5	5	5_inacc	p6.jpg	2	184
129.8	5	1_inacc	p18.jpg	2	184
137.5	5	1_inacc	p20.jpg	1	184
147.1	5	5_inacc	p14.jpg	2	184
158.2	5	1_acc	p24.jpg	2	184
168.9	5	1_acc	p15.jpg	2	184
178.8	5	5_inacc	p3.jpg	1	184
185.9	5	1_inacc	p16.jpg	1	184
194.4	5	1_inacc	p19.jpg	1	184
204.7	5	1_inacc	p22.jpg	2	184
212.9	5	5_inacc	p10.jpg	2	184
3.04	5	5_inacc	p17.jpg	1	186
10.46	5	5_miss	p1.jpg	2	186
17.51	5	5_inacc	p5.jpg	1	186
25.65	5	5_acc	p22.jpg	1	186
35.98	5	5_inacc	p19.jpg	2	186
43.76	5	1_inacc	p9.jpg	1	186
53	5	1_inacc	p3.jpg	2	186
61.13	5	5_inacc	p15.jpg	2	186
70.72	5	5_inacc	p21.jpg	1	186
79.95	5	5_acc	p12.jpg	2	186
90.63	5	1_acc	p23.jpg	1	186
98.41	5	1_inacc	p14.jpg	2	186
105.81	5	1_inacc	p4.jpg	2	186
115.41	5	1_inacc	p10.jpg	1	186
125.37	5	5_inacc	p16.jpg	1	186
133.87	5	1_miss	p2.jpg	1	186
140.93	5	1_acc	p7.jpg	1	186
151.25	5	5_miss	p24.jpg	1	186
160.11	5	5_inacc	p18.jpg	2	186
170.07	5	1_acc	p13.jpg	1	186
180.77	5	5_acc	p20.jpg	2	186
191.82	5	1_acc	p11.jpg	2	186
202.88	5	1_acc	p8.jpg	2	186
211.74	5	1_miss	p6.jpg	2	186
3.04	5	5_acc	p2.jpg	1	188
10.47	5	1_acc	p18.jpg	2	188
17.52	5	5_inacc	p9.jpg	2	188
27.47	5	5_acc	p23.jpg	1	188
37.06	5	1_acc	p1.jpg	1	188
45.21	5	5_inacc	p10.jpg	2	188
52.98	5	5_inacc	p3.jpg	1	188
61.48	5	5_acc	p6.jpg	2	188
69.62	5	1_inacc	p22.jpg	1	188
80.67	5	5_inacc	p8.jpg	2	188
91.35	5	1_inacc	p24.jpg	1	188
101.67	5	1_acc	p5.jpg	1	188
112.35	5	5_acc	p11.jpg	2	188
122.67	5	1_acc	p21.jpg	2	188
132.26	5	5_acc	p7.jpg	2	188
139.3	5	1_acc	p19.jpg	1	188
146.72	5	1_acc	p12.jpg	1	188
156.66	5	1_acc	p15.jpg	2	188
165.88	5	1_inacc	p17.jpg	2	188
174.39	5	1_inacc	p20.jpg	2	188
183.25	5	1_acc	p16.jpg	2	188
191.02	5	5_inacc	p14.jpg	1	188
199.9	5	5_inacc	p13.jpg	1	188
209.12	5	5_acc	p4.jpg	1	188
3.05	5	5_acc	p2.jpg	1	191
12.29	5	5_acc	p13.jpg	1	191
22.62	5	1_acc	p21.jpg	1	191
30.04	5	5_acc	p7.jpg	2	191
41.09	5	5_acc	p14.jpg	1	191
48.14	5	1_acc	p1.jpg	1	191
57.74	5	1_acc	p17.jpg	2	191
66.24	5	1_acc	p12.jpg	1	191
76.56	5	1_acc	p24.jpg	2	191
87.62	5	5_acc	p4.jpg	2	191
98.3	5	5_acc	p23.jpg	2	191
107.91	5	1_acc	p22.jpg	1	191
115.68	5	1_acc	p15.jpg	2	191
123.83	5	5_acc	p9.jpg	1	191
131.62	5	1_acc	p18.jpg	2	191
138.68	5	5_acc	p11.jpg	2	191
148.65	5	1_acc	p16.jpg	1	191
158.62	5	1_acc	p5.jpg	2	191
169.31	5	5_acc	p6.jpg	2	191
177.45	5	1_acc	p19.jpg	1	191
186.32	5	5_acc	p3.jpg	1	191
194.83	5	1_acc	p20.jpg	2	191
204.07	5	5_acc	p8.jpg	1	191
211.48	5	5_acc	p10.jpg	2	191
3.053	5	5_inacc	p6.jpg	1	193
10.843	5	1_acc	p12.jpg	1	193
21.17	5	5_acc	p2.jpg	1	193
30.763	5	5_inacc	p8.jpg	1	193
39.994	5	1_inacc	p22.jpg	2	193
50.703	5	5_acc	p9.jpg	2	193
57.753	5	1_acc	p19.jpg	2	193
68.804	5	1_acc	p5.jpg	1	193
78.404	5	5_acc	p4.jpg	2	193
86.551	5	5_inacc	p3.jpg	2	193
93.974	5	1_acc	p24.jpg	1	193
101.757	5	1_acc	p1.jpg	2	193
109.893	5	1_inacc	p21.jpg	2	193
119.132	5	1_inacc	p20.jpg	2	193
128.009	5	1_miss	p17.jpg	2	193
135.055	5	1_acc	p18.jpg	1	193
142.47	5	1_acc	p16.jpg	1	193
150.97	5	5_acc	p11.jpg	1	193
161.655	5	5_inacc	p13.jpg	2	193
170.161	5	5_acc	p23.jpg	2	193
180.481	5	1_acc	p15.jpg	1	193
190.454	5	5_acc	p14.jpg	2	193
199.334	5	5_acc	p10.jpg	1	193
210.389	5	5_acc	p7.jpg	1	193
3.062	5	1_acc	p24.jpg	2	197
10.142	5	5_acc	p11.jpg	1	197
17.224	5	5_acc	p10.jpg	2	197
26.109	5	5_inacc	p13.jpg	2	197
37.185	5	5_inacc	p14.jpg	2	197
44.612	5	5_inacc	p8.jpg	2	197
52.774	5	1_inacc	p20.jpg	1	197
60.567	5	1_acc	p12.jpg	2	197
69.811	5	5_inacc	p6.jpg	2	197
80.524	5	1_acc	p16.jpg	2	197
91.237	5	5_acc	p9.jpg	1	197
100.499	5	5_acc	p2.jpg	1	197
110.835	5	5_inacc	p23.jpg	1	197
119.343	5	5_acc	p7.jpg	2	197
128.968	5	5_acc	p4.jpg	1	197
136.75	5	1_acc	p1.jpg	2	197
146.744	5	1_acc	p5.jpg	1	197
154.901	5	1_inacc	p22.jpg	2	197
163.797	5	1_inacc	p19.jpg	1	197
174.13	5	5_acc	p3.jpg	1	197
184.094	5	1_inacc	p18.jpg	2	197
193.72	5	1_acc	p21.jpg	1	197
202.241	5	1_inacc	p17.jpg	1	197
213.31	5	1_acc	p15.jpg	1	197
3.05	5	5_inacc	p16.jpg	1	202
12.29	5	5_acc	p22.jpg	1	202
20.8	5	5_acc	p19.jpg	1	202
30.39	5	1_acc	p2.jpg	1	202
40.73	5	1_acc	p23.jpg	1	202
47.78	5	5_acc	p18.jpg	2	202
55.19	5	1_acc	p3.jpg	2	202
62.97	5	1_acc	p8.jpg	1	202
71.11	5	5_acc	p17.jpg	2	202
81.79	5	1_acc	p14.jpg	1	202
90.29	5	5_inacc	p21.jpg	2	202
100.25	5	1_acc	p4.jpg	2	202
107.65	5	5_acc	p15.jpg	2	202
117.98	5	1_inacc	p6.jpg	1	202
128.66	5	5_acc	p1.jpg	2	202
136.8	5	1_acc	p10.jpg	2	202
145.67	5	1_acc	p13.jpg	2	202
155.63	5	5_acc	p20.jpg	1	202
164.52	5	1_acc	p9.jpg	1	202
173.75	5	5_acc	p12.jpg	1	202
184.8	5	5_acc	p24.jpg	1	202
191.85	5	1_acc	p11.jpg	2	202
201.46	5	5_acc	p5.jpg	2	202
209.24	5	1_acc	p7.jpg	2	202
3.1	5	1_acc	p13.jpg	2	203
13.8	5	5_acc	p21.jpg	2	203
24.8	5	1_inacc	p2.jpg	2	203
33.7	5	1_acc	p10.jpg	2	203
42.2	5	1_inacc	p6.jpg	1	203
49.3	5	1_acc	p11.jpg	1	203
58.5	5	5_acc	p16.jpg	1	203
67	5	1_inacc	p7.jpg	1	203
77.3	5	5_acc	p12.jpg	1	203
88	5	1_inacc	p4.jpg	2	203
97.6	5	5_inacc	p5.jpg	1	203
106.9	5	5_inacc	p24.jpg	2	203
116.8	5	5_inacc	p17.jpg	2	203
126.4	5	1_inacc	p23.jpg	1	203
137.5	5	5_acc	p18.jpg	1	203
145.2	5	5_inacc	p22.jpg	2	203
154.1	5	1_acc	p8.jpg	1	203
161.9	5	1_inacc	p3.jpg	2	203
169.3	5	5_inacc	p1.jpg	2	203
179.6	5	1_inacc	p14.jpg	1	203
187.8	5	5_inacc	p20.jpg	1	203
195.9	5	1_acc	p9.jpg	2	203
205.9	5	5_acc	p19.jpg	2	203
212.9	5	5_miss	p15.jpg	1	203
3.04	5	1_acc	p6.jpg	2	204
11.2	5	5_acc	p17.jpg	1	204
20.06	5	1_acc	p7.jpg	1	204
28.56	5	5_inacc	p19.jpg	1	204
37.06	5	5_inacc	p15.jpg	2	204
44.48	5	5_acc	p24.jpg	2	204
52.61	5	1_inacc	p4.jpg	2	204
59.64	5	5_acc	p12.jpg	1	204
67.42	5	1_inacc	p10.jpg	1	204
77.75	5	1_inacc	p2.jpg	2	204
88.43	5	5_acc	p21.jpg	2	204
98.75	5	1_inacc	p3.jpg	2	204
106.16	5	1_inacc	p14.jpg	1	204
117.21	5	5_acc	p1.jpg	2	204
128.26	5	1_inacc	p8.jpg	1	204
137.85	5	5_acc	p18.jpg	2	204
147.09	5	5_acc	p16.jpg	1	204
156.69	5	1_acc	p13.jpg	1	204
164.46	5	1_acc	p11.jpg	2	204
174.42	5	1_inacc	p9.jpg	2	204
183.28	5	5_acc	p5.jpg	1	204
190.33	5	5_inacc	p20.jpg	2	204
200.29	5	5_acc	p22.jpg	1	204
210.97	5	1_inacc	p23.jpg	1	204
3.05	5	1_inacc	p21.jpg	2	205
13.04	5	5_inacc	p3.jpg	2	205
21.92	5	1_acc	p18.jpg	1	205
29.34	5	1_acc	p1.jpg	1	205
38.23	5	1_inacc	p20.jpg	2	205
46.39	5	5_acc	p13.jpg	2	205
55.62	5	5_acc	p9.jpg	2	205
64.15	5	1_inacc	p19.jpg	2	205
73.39	5	5_acc	p14.jpg	1	205
83.73	5	5_acc	p4.jpg	1	205
91.53	5	5_inacc	p11.jpg	2	205
102.58	5	5_acc	p23.jpg	2	205
110.74	5	1_inacc	p22.jpg	1	205
120.35	5	5_acc	p10.jpg	1	205
131.05	5	1_inacc	p5.jpg	2	205
141.74	5	5_inacc	p6.jpg	1	205
151.35	5	1_inacc	p12.jpg	1	205
161.69	5	1_inacc	p24.jpg	1	205
168.74	5	1_inacc	p17.jpg	1	205
176.54	5	5_inacc	p8.jpg	1	205
186.51	5	1_inacc	p15.jpg	2	205
195.04	5	5_acc	p2.jpg	1	205
202.1	5	1_acc	p16.jpg	2	205
213.16	5	5_acc	p7.jpg	2	205
3	5	5_acc	p18.jpg	2	212
13.7	5	1_inacc	p14.jpg	2	212
23.7	5	1_acc	p2.jpg	1	212
31.5	5	5_acc	p16.jpg	2	212
38.9	5	1_acc	p7.jpg	2	212
47.8	5	5_acc	p5.jpg	1	212
57.3	5	5_acc	p20.jpg	1	212
65.8	5	5_acc	p19.jpg	2	212
73.6	5	5_acc	p22.jpg	1	212
83.9	5	1_acc	p4.jpg	2	212
93.5	5	1_acc	p8.jpg	2	212
102	5	5_acc	p24.jpg	1	212
109.1	5	1_acc	p11.jpg	1	212
116.5	5	5_acc	p15.jpg	2	212
126.4	5	1_acc	p9.jpg	2	212
135.7	5	5_acc	p12.jpg	2	212
144.9	5	1_acc	p23.jpg	1	212
151.9	5	1_inacc	p6.jpg	2	212
162.3	5	5_acc	p21.jpg	2	212
170.4	5	1_acc	p3.jpg	1	212
178.5	5	5_acc	p1.jpg	1	212
187.4	5	5_acc	p17.jpg	1	212
198.4	5	1_acc	p10.jpg	1	212
209.5	5	1_acc	p13.jpg	1	212
3.1	5	1_inacc	p8.jpg	1	220
12.7	5	5_acc	p22.jpg	2	220
22.7	5	5_inacc	p5.jpg	2	220
31.2	5	5_acc	p20.jpg	1	220
40.8	5	5_acc	p12.jpg	2	220
48.9	5	1_acc	p10.jpg	1	220
60	5	1_inacc	p7.jpg	1	220
68.5	5	5_inacc	p15.jpg	2	220
75.9	5	1_acc	p13.jpg	2	220
82.9	5	5_acc	p19.jpg	1	220
92.1	5	1_acc	p9.jpg	1	220
101	5	1_inacc	p14.jpg	2	220
111.3	5	1_inacc	p11.jpg	2	220
119.1	5	1_inacc	p4.jpg	2	220
129.1	5	5_inacc	p24.jpg	1	220
137.9	5	1_inacc	p23.jpg	1	220
146.1	5	1_inacc	p2.jpg	2	220
156.8	5	5_inacc	p16.jpg	1	220
167.5	5	1_acc	p3.jpg	1	220
174.9	5	1_inacc	p6.jpg	2	220
184.1	5	5_inacc	p17.jpg	2	220
191.9	5	5_inacc	p18.jpg	1	220
202.2	5	5_acc	p21.jpg	1	220
209.3	5	5_inacc	p1.jpg	2	220
3.1	5	5_inacc	p16.jpg	1	221
10.9	5	5_inacc	p5.jpg	1	221
20.1	5	1_inacc	p9.jpg	2	221
29.4	5	5_inacc	p1.jpg	2	221
36.8	5	5_inacc	p20.jpg	2	221
45.7	5	5_inacc	p12.jpg	1	221
55.7	5	1_inacc	p6.jpg	2	221
62.7	5	5_acc	p15.jpg	2	221
70.9	5	1_acc	p23.jpg	1	221
79	5	5_inacc	p18.jpg	1	221
87.6	5	1_inacc	p14.jpg	2	221
98.3	5	1_inacc	p10.jpg	2	221
108.2	5	5_inacc	p24.jpg	2	221
119.3	5	1_inacc	p7.jpg	1	221
126.7	5	1_acc	p4.jpg	1	221
136.3	5	5_acc	p19.jpg	2	221
143.4	5	5_acc	p21.jpg	1	221
153.7	5	1_inacc	p11.jpg	1	221
164.8	5	1_inacc	p8.jpg	1	221
173.3	5	1_acc	p3.jpg	2	221
181.1	5	1_miss	p13.jpg	1	221
191.4	5	5_acc	p17.jpg	2	221
201	5	5_inacc	p22.jpg	1	221
211.7	5	1_acc	p2.jpg	2	221
3.06	5	5_acc	p13.jpg	2	223
12.3	5	1_acc	p12.jpg	2	223
20.07	5	1_inacc	p21.jpg	1	223
28.22	5	1_inacc	p17.jpg	1	223
37.09	5	1_acc	p16.jpg	2	223
44.51	5	5_acc	p23.jpg	2	223
55.2	5	1_inacc	p5.jpg	2	223
64.79	5	1_acc	p24.jpg	2	223
74.02	5	5_acc	p3.jpg	1	223
82.16	5	1_inacc	p15.jpg	1	223
90.67	5	1_acc	p1.jpg	1	223
101.72	5	5_acc	p11.jpg	1	223
109.5	5	5_acc	p2.jpg	1	223
119.83	5	1_inacc	p20.jpg	1	223
130.15	5	5_inacc	p4.jpg	2	223
139.75	5	5_acc	p9.jpg	2	223
148.62	5	1_acc	p19.jpg	2	223
159.31	5	1_acc	p18.jpg	2	223
169.27	5	5_inacc	p10.jpg	1	223
176.32	5	5_acc	p8.jpg	2	223
186.29	5	5_acc	p6.jpg	1	223
194.79	5	1_acc	p22.jpg	1	223
201.85	5	5_inacc	p7.jpg	2	223
212.9	5	5_acc	p14.jpg	1	223
3	5	5_acc	p22.jpg	2	224
12.2	5	5_inacc	p18.jpg	1	224
22.2	5	5_inacc	p16.jpg	2	224
30	5	1_inacc	p13.jpg	2	224
39.2	5	5_acc	p12.jpg	2	224
48.1	5	5_acc	p17.jpg	2	224
55.5	5	1_acc	p7.jpg	1	224
64	5	5_acc	p24.jpg	1	224
74.3	5	1_inacc	p4.jpg	1	224
82.4	5	1_inacc	p3.jpg	2	224
92.4	5	1_inacc	p10.jpg	2	224
99.8	5	1_inacc	p14.jpg	2	224
107.6	5	1_acc	p23.jpg	1	224
118.6	5	1_acc	p6.jpg	1	224
127.5	5	1_acc	p8.jpg	2	224
137.1	5	5_inacc	p20.jpg	1	224
148.1	5	5_inacc	p5.jpg	2	224
157.7	5	5_acc	p19.jpg	1	224
168.4	5	1_acc	p2.jpg	1	224
175.5	5	5_inacc	p1.jpg	2	224
182.5	5	1_inacc	p11.jpg	2	224
193.2	5	1_acc	p9.jpg	1	224
203.5	5	5_inacc	p15.jpg	1	224
212	5	5_inacc	p21.jpg	1	224
3	5	5_inacc	p2.jpg	2	226
11.9	5	5_acc	p13.jpg	1	226
21.2	5	5_inacc	p9.jpg	2	226
31.9	5	5_inacc	p8.jpg	1	226
38.9	5	1_acc	p19.jpg	1	226
50	5	1_inacc	p18.jpg	1	226
57.4	5	1_acc	p5.jpg	1	226
66.6	5	1_acc	p16.jpg	2	226
77.3	5	5_inacc	p11.jpg	2	226
88.3	5	5_inacc	p3.jpg	1	226
95.8	5	5_acc	p7.jpg	1	226
105.7	5	5_acc	p14.jpg	2	226
114.2	5	5_acc	p4.jpg	2	226
123.8	5	1_acc	p15.jpg	2	226
134.1	5	1_acc	p20.jpg	2	226
144.1	5	1_inacc	p24.jpg	2	226
151.2	5	1_acc	p22.jpg	2	226
159.7	5	5_acc	p6.jpg	1	226
167.8	5	1_acc	p12.jpg	1	226
177.4	5	1_acc	p1.jpg	1	226
185.2	5	1_acc	p17.jpg	1	226
193.3	5	5_inacc	p23.jpg	1	226
201.1	5	5_inacc	p10.jpg	2	226
211.4	5	1_inacc	p21.jpg	2	226
3	5	1_inacc	p5.jpg	1	227
11.6	5	5_inacc	p8.jpg	2	227
21.9	5	5_acc	p13.jpg	2	227
30	5	5_acc	p2.jpg	1	227
40.7	5	5_inacc	p23.jpg	1	227
50	5	5_inacc	p11.jpg	2	227
57.4	5	5_acc	p7.jpg	2	227
64.4	5	1_acc	p15.jpg	2	227
74	5	1_inacc	p21.jpg	1	227
84.7	5	5_acc	p3.jpg	1	227
95.7	5	1_acc	p1.jpg	2	227
103.9	5	1_inacc	p20.jpg	2	227
113.8	5	1_acc	p16.jpg	1	227
121.2	5	5_acc	p4.jpg	1	227
131.2	5	1_inacc	p17.jpg	1	227
139	5	1_acc	p22.jpg	2	227
149.3	5	5_inacc	p6.jpg	1	227
158.2	5	1_acc	p18.jpg	2	227
167.4	5	5_acc	p10.jpg	2	227
177	5	5_acc	p14.jpg	1	227
184.8	5	1_inacc	p12.jpg	1	227
193.7	5	1_inacc	p19.jpg	2	227
204.7	5	1_inacc	p24.jpg	1	227
211.8	5	5_acc	p9.jpg	2	227
3.1	5	5_inacc	p2.jpg	1	228
11.2	5	1_acc	p17.jpg	2	228
21.9	5	1_inacc	p18.jpg	2	228
31.1	5	1_acc	p22.jpg	2	228
42.2	5	5_acc	p23.jpg	2	228
50	5	5_inacc	p4.jpg	2	228
58.5	5	1_acc	p5.jpg	1	228
65.9	5	1_acc	p12.jpg	2	228
74.7	5	5_inacc	p10.jpg	1	228
84	5	1_acc	p1.jpg	1	228
93.9	5	1_acc	p16.jpg	1	228
102.1	5	5_acc	p9.jpg	1	228
113.1	5	5_inacc	p11.jpg	2	228
123.4	5	5_acc	p14.jpg	1	228
134.1	5	1_miss	p20.jpg	2	228
144.5	5	1_acc	p15.jpg	1	228
151.5	5	1_inacc	p24.jpg	1	228
160	5	5_inacc	p7.jpg	1	228
170	5	5_inacc	p8.jpg	2	228
177.4	5	5_acc	p3.jpg	2	228
184.4	5	5_miss	p13.jpg	2	228
194	5	1_miss	p19.jpg	2	228
203.6	5	5_miss	p6.jpg	1	228
212.5	5	1_inacc	p21.jpg	1	228
3.1	5	1_acc	p9.jpg	1	229
14.1	5	5_inacc	p5.jpg	1	229
24.1	5	5_inacc	p24.jpg	1	229
33.7	5	1_acc	p7.jpg	1	229
43.7	5	5_inacc	p20.jpg	1	229
50.7	5	5_acc	p21.jpg	1	229
58.1	5	5_acc	p19.jpg	2	229
68.4	5	1_inacc	p23.jpg	1	229
76.9	5	5_acc	p18.jpg	2	229
85.4	5	5_inacc	p22.jpg	1	229
94.3	5	5_acc	p1.jpg	2	229
105.4	5	1_inacc	p4.jpg	2	229
114.6	5	5_acc	p17.jpg	2	229
122.7	5	1_acc	p8.jpg	1	229
133.4	5	5_acc	p15.jpg	2	229
141.2	5	1_inacc	p11.jpg	1	229
150	5	1_acc	p2.jpg	1	229
157.5	5	1_acc	p3.jpg	2	229
167.8	5	1_acc	p14.jpg	2	229
175.9	5	5_acc	p12.jpg	1	229
185.1	5	1_acc	p10.jpg	2	229
192.9	5	5_acc	p16.jpg	2	229
203.6	5	1_inacc	p13.jpg	2	229
210.6	5	1_acc	p6.jpg	2	229